Workbook

Sheet Table 1
A1: Table 1. Cetacean-specific primers for eDNA metabarcoding tested empirically
A2: Primer set ID | B2: Region | C2: Forward primer sequence | D2: Reverse primer sequence | E2: Forward primer length (bp) | F2: Reverse primer length (bp) | G2: Insert length (bp) | H2: GC% (forward) | I2: GC% (reverse)
A3: Mu31F/Dc320R (µCeta*) | B3: 12S rRNA | C3: GACACTGAAAATGTCTAGATGG | D3: TYAATCGTATGACCGCGGTG | E3: =LEN(C3) -> 22 | F3: =LEN(D3) -> 20 | G3: 268 | H3: 0.40909091 | I3: 0.525
A4: Dc671F/Dc1015R | B4: 12S rRNA | C4: GCTACTYCAGTCTATATACC | D4: CACACYTTCCRGTAYGCTTACC | E4: =LEN(C4) -> 20 | F4: =LEN(D4) -> 22 | G4: 325 | H4: 0.425 | I4: 0.52272727
A5: Mu2084F/Dc2438R | B5: 16S rRNA | C5: ATGAAYGGCCACACGAGGGTTTTA | D5: TGTCCTGATCCAACATCGAGG | E5: =LEN(C5) -> 24 | F5: =LEN(D5) -> 21 | G5: 331 | H5: 0.47916667 | I5: 0.52380952
A6: Mu9459F/Mu9822R | B6: NAD3 | C6: CTGACTTCCAATCAGTTRGTTTCGG | D6: CATTCTARRCCYTYTTGRG | E6: =LEN(C6) -> 25 | F6: =LEN(D6) -> 19 | G6: 339 | H6: 0.46 | I6: 0.44736842
A7: Bold characters indicate degenerated bases.
A8: *The primer set, Mu31F/Dc320R, is named µCeta-F/R.

Sheet Table 2
A1: Table 2. List of cetacean species for testing cetacean primers using tissue-extracted DNA
A2: Species | B2: Family | C2: Accession No. (if amplified)
C3: Mu31F + Dc320R | D3: Dc671F + Dc1015R | E3: Mu2084F + Dc2438R | F3: Mu9459F + Mu9822R
A4: Megaptera novaeangliae | B4: Balaenopteridae | C4: ✓ | D4: ✓ | E4: ✓ | F4: ✓
A5: Globicephala macrorhynchus | B5: Delphinidae | C5: ✓ | D5: No | E5: ✓ | F5: No
A6: Grampus griseus | B6: Delphinidae | C6: ✓ | D6: ✓ | E6: ✓ | F6: ✓
A7: Lagenodelphis hosei | B7: Delphinidae | C7: ✓ | D7: ✓ | E7: ✓ | F7: ✓
A8: Peponocephala electra | B8: Delphinidae | C8: ✓ | D8: ✓ | E8: ✓ | F8: ✓
A9: Pseudorca crassidens | B9: Delphinidae | C9: ✓ | D9: ✓ | E9: ✓ | F9: ✓
A10: Sousa chinensis | B10: Delphinidae | C10: ✓ | D10: ✓ | E10: ✓ | F10: ✓
A11: Stenella attenuata | B11: Delphinidae | C11: ✓ | D11: ✓ | E11: ✓ | F11: ✓
A12: Stenella coeruleoalba | B12: Delphinidae | C12: ✓ | D12: ✓ | E12: ✓ | F12: ✓
A13: Steno bredanensis | B13: Delphinidae | C13: ✓ | D13: ✓ | E13: ✓ | F13: ✓
A14: Tursiops aduncus | B14: Delphinidae | C14: ✓ | D14: ✓ | E14: ✓ | F14: ✓
A15: Tursiops truncatus | B15: Delphinidae | C15: ✓ | D15: ✓ | E15: ✓ | F15: ✓
... A22: Ziphius cavirostris | B22: Ziphiidae | C22: ✓ | D22: ✓ | E22: ✓ | F22: ✓

Sheet S1 Mammal list
A1: Table S1. List of mammal species for primer design
A2: Accession No. | B2: Genus_Species | C2: Order | D2: Suborder | E2: Family | F2: Genus | G2: Species
A3: Cetacea
A4: NC_005268.1 | B4: Balaena mysticetus | C4: Cetartiodactyla | D4: Mysticeti | E4: Balaenidae | F4: Balaena | G4: mysticetus
A5: NC_006930.1 | B5: Eubalaena australis | C5: Cetartiodactyla | D5: Mysticeti | E5: Balaenidae | F5: Eubalaena | G5: australis
A6: NC_037444.1 | B6: Eubalaena glacialis | C6: Cetartiodactyla | D6: Mysticeti | E6: Balaenidae | F6: Eubalaena | G6: glacialis
A7: NC_006931.1 | B7: Eubalaena japonica | C7: Cetartiodactyla | D7: Mysticeti | E7: Balaenidae | F7: Eubalaena | G7: japonica
A8: NC_005271.1 | B8: Balaenoptera acutorostrata | C8: Cetartiodactyla | D8: Mysticeti | E8: Balaenopteridae | F8: Balaenoptera | G8: acutorostrata
A9: NC_006926.1 | B9: Balaenoptera bonaerensis | C9: Cetartiodactyla | D9: Mysticeti | E9: Balaenopteridae | F9: Balaenoptera | G9: bonaerensis
A10: NC_006929.1 | B10: Balaenoptera borealis | C10: Cetartiodactyla | D10: Mysticeti | E10: Balaenopteridae | F10: Balaenoptera | G10: borealis
A11: NC_006928.1 | B11: Balaenoptera brydei | C11: Cetartiodactyla | D11: Mysticeti | E11: Balaenopteridae | F11: Balaenoptera | G11: brydei
A12: NC_007938.1 | B12: Balaenoptera edeni | C12: Cetartiodactyla | D12: Mysticeti | E12: Balaenopteridae | F12: Balaenoptera | G12: edeni
A13: NC_001601.1 | B13: Balaenoptera musculus | C13: Cetartiodactyla | D13: Mysticeti | E13: Balaenopteridae | F13: Balaenoptera | G13: musculus
A14: NC_007937.1 | B14: Balaenoptera omurai | C14: Cetartiodactyla | D14: Mysticeti | E14: Balaenopteridae | F14: Balaenoptera | G14: omurai
A15: NC_001321.1 | B15: Balaenoptera physalus | C15: Cetartiodactyla | D15: Mysticeti | E15: Balaenopteridae | F15: Balaenoptera | G15: physalus
... A74: NC_021435.1 | B74: Ziphius cavirostris | C74: Cetartiodactyla | D74: Odontoceti | E74: Ziphiidae | F74: Ziphius | G74: cavirostris
A76: Non-cetacea marine mammals
A77: NC_003314.1 | B77: Dugong dugon | C77: Sirenia | E77: Dugongidae | F77: Dugong | G77: dugon
A78: NC_010302.1 | B78: Trichechus manatus | C78: Sirenia | E78: Trichechidae | F78: Trichechus | G78: manatus
A79: NC_063561.1 | B79: Arctocephalus australis | C79: Carnivora | D79: Caniformia | E79: Otariidae | F79: Arctocephalus | G79: australis
A80: NC_004023.1 | B80: Arctocephalus forsteri | C80: Carnivora | D80: Caniformia | E80: Otariidae | F80: Arctocephalus | G80: forsteri
A81: NC_008417.1 | B81: Arctocephalus pusillus | C81: Carnivora | D81: Caniformia | E81: Otariidae | F81: Arctocephalus | G81: pusillus
A82: NC_008420.1 | B82: Arctocephalus townsendi | C82: Carnivora | D82: Caniformia | E82: Otariidae | F82: Arctocephalus | G82: townsendi
A83: NC_008415.3 | B83: Callorhinus ursinus | C83: Carnivora | D83: Caniformia | E83: Otariidae | F83: Callorhinus | G83: ursinus
A84: NC_004030.2 | B84: Eumetopias jubatus | C84: Carnivora | D84: Caniformia | E84: Otariidae | F84: Eumetopias | G84: jubatus
A85: NC_008419.1 | B85: Neophoca cinerea | C85: Carnivora | D85: Caniformia | E85: Otariidae | F85: Neophoca | G85: cinerea
A86: NC_049152.1 | B86: Otaria byronia | C86: Carnivora | D86: Caniformia | E86: Otariidae | F86: Otaria | G86: byronia
A87: NC_008418.1 | B87: Phocarctos hookeri | C87: Carnivora | D87: Caniformia | E87: Otariidae | F87: Phocarctos | G87: hookeri
A88: NC_008416.1 | B88: Zalophus californianus | C88: Carnivora | D88: Caniformia | E88: Otariidae | F88: Zalophus | G88: californianus
A89: NC_058016.1 | B89: Zalophus japonicus | C89: Carnivora | D89: Caniformia | E89: Otariidae | F89: Zalophus | G89: japonicus
A90: NC_062331.1 | B90: Zalophus wollebaeki | C90: Carnivora | D90: Caniformia | E90: Otariidae | F90: Zalophus | G90: wollebaeki
... A110: NC_079648.1 | B110: Lontra felina | C110: Carnivora | D110: Caniformia | E110: Mustelidae | F110: Lontra | G110: felina
A112: Non-marine mammals
A113: NC_000889.1 | B113: Hippopotamus amphibius | C113: Artiodactyla | E113: Hippopotamidae | F113: Hippopotamus | G113: amphibius
A114: NC_020697.1 | B114: Choeropsis liberiensis | C114: Artiodactyla | E114: Hippopotamidae | F114: Choeropsis | G114: liberiensis
A115: NC_006853.1 | B115: Bos taurus | C115: Artiodactyla | E115: Bovidae | F115: Bos | G115: taurus
A116: NC_000845.1 | B116: Sus scrofa | C116: Artiodactyla | E116: Suidae | F116: Sus | G116: scrofa
A117: NC_005089.1 | B117: Mus musculus | C117: Rodentia | E117: Muridae | F117: Mus | G117: musculus
A118: NC_001700.1 | B118: Felis catus | C118: Carnivora | D118: Feliformia | E118: Felidae | F118: Felis | G118: catus
A119: NC_008092.1 | B119: Canis lupus | C119: Carnivora | D119: Caniformia | E119: Canidae | F119: Canis | G119: lupus
A120: NC_012920.1 | B120: Homo sapiens | C120: Primates | D120: Haplorrhini | E120: Hominidae | F120: Homo | G120: sapiens
A121: AY339432 | B121: Homo sapiens | C121: Primates | D121: Haplorrhini | E121: Hominidae | F121: Homo | G121: sapiens
A122: AY339469 | B122: Homo sapiens | C122: Primates | D122: Haplorrhini | E122: Hominidae | F122: Homo | G122: sapiens
A123: AY339522.2 | B123: Homo sapiens | C123: Primates | D123: Haplorrhini | E123: Hominidae | F123: Homo | G123: sapiens
A124: AY339578.1 | B124: Homo sapiens | C124: Primates | D124: Haplorrhini | E124: Hominidae | F124: Homo | G124: sapiens

Sheet S2 Primers
A1: Table S2. Primer sequences tested in this study
A2: Primer set ID | B2: Region | C2: Reference | D2: Forward primer sequence | E2: Reverse primer sequence | F2: Forward primer length (bp) | G2: Reverse primer length (bp) | H2: Forward primer start position* | I2: Reverse primer start position* | J2: Product length (bp) | K2: Insert length (bp) | L2: GC% (forward) | M2: GC% (reverse)
A3: MiMammal | B3: 12S rRNA | C3: Ushio et al. (2017) | D3: GGGTTGGTAAATTTCGTGCCAGC | E3: CATAGTGGGGTATCTAATCCCAGTTTG | F3: =LEN(D3) -> 23 | G3: =LEN(E3) -> 27 | H3: 297 | I3: 491 | J3: =I3-H3+1+LEN(E3) -> 222 | K3: =J3-F3-G3 -> 172 | L3: 0.52173913 | M3: 0.44444444
A4: MarVer1 | B4: 12S rRNA | C4: Valsecchi et al. (2020) | D4: CGTGCCAGCCACCGCG | E4: GGGTATCTAATCCYAGTTTG | F4: =LEN(D4) -> 16 | G4: =LEN(E4) -> 20 | H4: 311 | I4: 491 | J4: =I4-H4+1+LEN(E4) -> 201 | K4: =J4-F4-G4 -> 165 | L4: 0.8125 | M4: 0.425
A5: MarVer2 | B5: 12S rRNA | C5: Valsecchi et al. (2020) | D5: CCGCCCGTCACYCTC | E5: CTTACCWTGTTACGACTT | F5: =LEN(D5) -> 15 | G5: =LEN(E5) -> 18 | H5: 925 | I5: 1003 | J5: =I5-H5+1+LEN(E5) -> 97 | K5: =J5-F5-G5 -> 64 | L5: 0.76666667 | M5: 0.38888889
A6: MarVer3 | B6: 16S rRNA | C6: Valsecchi et al. (2020) | D6: AGACGAGAAGACCCTRTG | E6: GGATTGCGCTGTTATCCC | F6: =LEN(D6) -> 18 | G6: =LEN(E6) -> 18 | H6: 2170 | I6: 2385 | J6: =I6-H6+1+LEN(E6) -> 234 | K6: =J6-F6-G6 -> 198 | L6: 0.52777778 | M6: 0.55555556
A7: Ceto2 | B7: 16S rRNA | C7: Valsecchi et al. (2020) | D7: CACGCACACACCGCCCG | E7: GTATGCTTACCTTGTTACGAC | F7: =LEN(D7) -> 17 | G7: =LEN(E7) -> 21 | H7: 915 | I7: 1005 | J7: =I7-H7+1+LEN(E7) -> 112 | K7: =J7-F7-G7 -> 74 | L7: 0.76470588 | M7: 0.42857143
A8: Riaz12S | B8: 12S rRNA | C8: Riaz et al. (2011) | D8: TTAGATACCCCACTATGC | E8: TAGAACAGGCTCCTCTAG | F8: =LEN(D8) -> 18 | G8: =LEN(E8) -> 18 | H8: 501 | I8: 618 | J8: =I8-H8+1+LEN(E8) -> 136 | K8: =J8-F8-G8 -> 100 | L8: 0.44444444 | M8: 0.5
A9: Mu31F/Dc320R† (µCeta primer¶) | B9: 12S rRNA | C9: This study | D9: GACACTGAAAATGTCTAGATGG | E9: TYAATCGTATGACCGCGGTG | F9: =LEN(D9) -> 22 | G9: =LEN(E9) -> 20 | H9: 31 | I9: 320 | J9: =I9-H9+1+LEN(E9) -> 310 | K9: =J9-F9-G9 -> 268 | L9: 0.40909091 | M9: 0.525
A10: Mu31F/MiMammalR | B10: 12S rRNA | C10: This study | D10: GACACTGAAAATGTCTAGATGG | E10: CATAGTGGGGTATCTAATCCCAGTTTG | F10: =LEN(D10) -> 22 | G10: =LEN(E10) -> 27 | H10: 31 | I10: 491 | J10: =I10-H10+1+LEN(E10) -> 488 | K10: =J10-F10-G10 -> 439 | L10: 0.40909091 | M10: 0.44444444
A11: Dc321F/Dc495R | B11: 12S rRNA | C11: This study | D11: ACCGCGGTCATACGATTRAC | E11: GCATAGTGGGGTATCTAATCCCAG | F11: =LEN(D11) -> 20 | G11: =LEN(E11) -> 24 | H11: 321 | I11: 495 | J11: =I11-H11+1+LEN(E11) -> 199 | K11: =J11-F11-G11 -> 155 | L11: 0.525 | M11: 0.5
A12: Dc494F- Mu643R | B12: 12S rRNA | C12: This study | D12: ACTGGGATTAGATACCCCACTATGC | E12: GRYTGGTGAGGTTRATCGKGGTTTA | F12: =LEN(D12) -> 25 | G12: =LEN(E12) -> 25 | H12: 494 | I12: 643 | J12: =I12-H12+1+LEN(E12) -> 175 | K12: =J12-F12-G12 -> 125 | L12: 0.48 | M12: 0.48
A13: Mu642F/Dc1015R | B13: 12S rRNA | C13: This study | D13: ATAAACCMCGATYAACCTCACCARYC | E13: CACACYTTCCRGTAYGCTTACC | F13: =LEN(D13) -> 26 | G13: =LEN(E13) -> 22 | H13: 642 | I13: 1015 | J13: =I13-H13+1+LEN(E13) -> 396 | K13: =J13-F13-G13 -> 348 | L13: 0.46153846 | M13: 0.52272727
A14: Mu642F/Mu1021R | B14: 12S rRNA | C14: This study | D14: ATAAACCMCGATYAACCTCACCARYC | E14: CAAGCACACYTTCCRGTAYG | F14: =LEN(D14) -> 26 | G14: =LEN(E14) -> 20 | H14: 642 | I14: 1021 | J14: =I14-H14+1+LEN(E14) -> 400 | K14: =J14-F14-G14 -> 354 | L14: 0.46153846 | M14: 0.525
... A28: Mu9459F/Mu9834R | B28: NAD3 | C28: This study | D28: CTGACTTCCAATCAGTTRGTTTCGG | E28: CATATTYRKCYCATTCYA | F28: =LEN(D28) -> 25 | G28: =LEN(E28) -> 18 | H28: 9459 | I28: 9834 | J28: =I28-H28+1+LEN(E28) -> 394 | K28: =J28-F28-G28 -> 351 | L28: 0.46 | M28: 0.36111111
A29: *Position is based on the mitochondrial genome of Delphinus capensis
A30: †The performance of new primers highlighted in gray were tested empirically
A31: ¶The primer set Mu31F/Dc320R is named µCeta-F/R.

Sheet S3 Queries
A1: Table S3. Queries to downlod vertebrate sequences for in silico PCR
A2: Target taxa | B2: Query | C2: Seqs retrieved | D2: Seqs used | E2: Note
A3: General vertebrates | B3: ("Vertebrata"[Organism] OR "vertebrates"[All Fields]) NOT "Homo sapiens"[Organism] NOT "Canis lupus"[Organism] NOT "Gallus gallus"[Organism] NOT "Bos taurus"[Organism] NOT "Bos grunniens"[Organism] NOT "Equus caballus"[Organism] NOT "Capra hircus"[Organism] NOT "Ovis aries"[Organism] AND (biomol_genomic[PROP] AND ddbj_embl_genbank[filter] AND is_nuccore[filter] AND mitochondrion[filter] AND ("15000"[SLEN] : "30000"[SLEN]) NOT Nuclear[Title]) | C3: 32322 | D3: 32321 | E3: One non-vertebrate species (algae) was manually removed from the retrieved sequences (total sequence used for the analysis was 32,321)
A4: Over-represented taxa
A5: Homo sapiens | B5: "Homo sapiens"[Organism] AND (biomol_genomic[PROP] AND ddbj_embl_genbank[filter] AND is_nuccore[filter] AND mitochondrion[filter] AND ("15000"[SLEN] : "30000"[SLEN]) NOT Nuclear[Title]) | C5: 64361 | D5: 464 | E5: The number of sequences of each over-represented taxon was reduced to about 500 using "seqkit sample" command.
A6: Canis lupus | B6: "Canis lupus"[Organism] AND (biomol_genomic[PROP] AND ddbj_embl_genbank[filter] AND is_nuccore[filter] AND mitochondrion[filter] AND ("15000"[SLEN] : "30000"[SLEN]) NOT Nuclear[Title]) | C6: 4139 | D6: 500 | E6: Same as above
A7: Bos taurus | B7: "Bos taurus"[Organism] AND (biomol_genomic[PROP] AND ddbj_embl_genbank[filter] AND is_nuccore[filter] AND mitochondrion[filter] AND ("15000"[SLEN] : "30000"[SLEN]) NOT Nuclear[Title]) | C7: 1145 | D7: 477 | E7: Same as above
A8: Gallus gallus | B8: "Gallus gallus"[Organism] AND (biomol_genomic[PROP] AND ddbj_embl_genbank[filter] AND is_nuccore[filter] AND mitochondrion[filter] AND ("15000"[SLEN] : "30000"[SLEN]) NOT Nuclear[Title]) | C8: 829 | D8: 492 | E8: Same as above
A9: Bos grunniens | B9: "Bos grunniens"[Organism] AND (biomol_genomic[PROP] AND ddbj_embl_genbank[filter] AND is_nuccore[filter] AND mitochondrion[filter] AND ("15000"[SLEN] : "30000"[SLEN]) NOT Nuclear[Title]) | C9: 617 | D9: 500 | E9: Same as above
A10: Equus caballus | B10: "Equus caballus"[Organism] AND (biomol_genomic[PROP] AND ddbj_embl_genbank[filter] AND is_nuccore[filter] AND mitochondrion[filter] AND ("15000"[SLEN] : "30000"[SLEN]) NOT Nuclear[Title]) | C10: 594 | D10: 500 | E10: Same as above
A11: Capra hircus | B11: "Capra hircus"[Organism] AND (biomol_genomic[PROP] AND ddbj_embl_genbank[filter] AND is_nuccore[filter] AND mitochondrion[filter] AND ("15000"[SLEN] : "30000"[SLEN]) NOT Nuclear[Title]) | C11: 545 | D11: 496 | E11: Same as above
A12: Ovis aries | B12: "Ovis aries"[Organism] AND (biomol_genomic[PROP] AND ddbj_embl_genbank[filter] AND is_nuccore[filter] AND mitochondrion[filter] AND ("15000"[SLEN] : "30000"[SLEN]) NOT Nuclear[Title]) | C12: 503 | D12: 500 | E12: Same as above
A14: Total sequences | C14: =SUM(C3:C12) -> 105055 | D14: =SUM(D3:D12) -> 36250 | E14: Total 36,250 sequences (10,080 species) were used for in silico PCR.

Sheet S4 Pool list
A1: Table S4. List of aquarium dolphin pools for empirical validation of the primer sets
A2: Pool name | B2: Total water volume (m3) | C2: Dolphin species reared | D2: The number of samples collected
A3: First compartment
A4: Main pool | B4: 1200 | C4: Pseudorca crassidens (× 3) Tursiops truncatus (× 2) | D4: 2
A5: North lagoon pool | B5: 500 | C5: Tursiops aduncus (× 1) | D5: 1
A6: South lagoon pool | B6: 500 | C6: Pseudorca crassidens (× 2) Tursiops truncatus (× 3) | D6: 1
A8: Second compartment
A9: Main show pool | B9: 1750 | C9: Pseudorca crassidens (× 2) Tursiops truncatus (× 1) Tursiops aduncus (× 1) | D9: 2
A10: Underwater show pool | B10: 500 | C10: Tursiops aduncus (× 2) Feresa attenuata (× 1) | D10: 1
A11: Medical treatment pool | B11: 500 | C11: Steno bredanensis (× 2) | D11: 1
A12: Reproduction pool | B12: 400 | C12: Pseudorca crassidens (× 2) Tursiops truncatus × aduncus (× 1) | D12: 1

Sheet S5 Primers for Illumina
A1: Table S5. Primer sets for the Illumina library preparation
A2: Method name | D2: Primer sequence | E2: Final amplicon size (bp)
A3: 1st PCR | B3: Primer name | C3: Analyzed samples
A4: Normal 2-step PCR | B4: Mu31F | C4: Aquarium and natural seawater samples | D4: ACACTCTTTCCCTACACGACGCTCTTCCGATCT GACACTGAAAATGTCTAGATGG | E4: 446
A5: Normal 2-step PCR | B5: Dc320R | C5: Aquarium and natural seawater samples | D5: GTGACTGGAGTTCAGACGTGTGCTCTTCCGATCT TYAATCGTATGACCGCGGTG | E5: 446
A6: Normal 2-step PCR | B6: Dc671F | C6: Aquarium and natural seawater samples | D6: ACACTCTTTCCCTACACGACGCTCTTCCGATCT GCTACTYCAGTCTATATACC | E6: 503
A7: Normal 2-step PCR | B7: Dc1015R | C7: Aquarium and natural seawater samples | D7: GTGACTGGAGTTCAGACGTGTGCTCTTCCGATCT CACACYTTCCRGTAYGCTTACC | E7: 503
A8: Normal 2-step PCR | B8: Mu2084F | C8: Aquarium and natural seawater samples | D8: ACACTCTTTCCCTACACGACGCTCTTCCGATCT ATGAAYGGCCACACGAGGGTTTTA | E8: 512
A9: Normal 2-step PCR | B9: Dc2438R | C9: Aquarium and natural seawater samples | D9: GTGACTGGAGTTCAGACGTGTGCTCTTCCGATCT TGTCCTGATCCAACATCGAGG | E9: 512
A10: Normal 2-step PCR | B10: Mu9459F | C10: Aquarium and natural seawater samples | D10: ACACTCTTTCCCTACACGACGCTCTTCCGATCT CTGACTTCCAATCAGTTRGTTTCGG | E10: 519
A11: Normal 2-step PCR | B11: Mu9822R | C11: Aquarium and natural seawater samples | D11: GTGACTGGAGTTCAGACGTGTGCTCTTCCGATCT CATTCTARRCCYTYTTGRG | E11: 519
A13: Early-pooling protocol | B13: Mu31F | C13: Natural positive control samples | D13: ACACTCTTTCCCTACACGACGCTCTTCCGATCT XXXXXXXX GACACTGAAAATGTCTAGATGG | E13: 462
A14: Early-pooling protocol | B14: Dc320R | C14: Natural positive control samples | D14: GTGACTGGAGTTCAGACGTGTGCTCTTCCGATCT XXXXXXXX TYAATCGTATGACCGCGGTG | E14: 462
A16: 2nd PCR
A17: 2nd PCR primer F | C17: All samples | D17: AATGATACGGCGACCACCGAGATCTACAC YYYYYYYY ACACTCTTTCCCTACACGACGCTCTTCCGATCT
A18: 2nd PCR primer R | C18: All samples | D18: CAAGCAGAAGACGGCATACGAGAT YYYYYYYY GTGACTGGAGTTCAGACGTGTGCTCTTCCGATCT
A19: Bold characters indicate primer sequences.
A20: "X" indicates 1st PCR "tagged" sequences to enable early-pooling (i.e., pooling samples after the 1st PCR).
A21: "Y" indicates index sequences appended in the 2nd PCR.
A22: Blue characters indicate the Illumina sequencing primers.
A23: Underlined characters indicate P5/P7 adapter sequences for Illumina sequencing.

Sheet S6 Seq Stat
A1: Table S6. Sequence summary statistics
B2: Sequencing 1 | C2: Sequencing 2 | D2: Sequencing 3
A3: Platform | B3: NovaSeq | C3: iSeq | D3: NovaSeq
A4: Seq mode | B4: 250 PE | C4: 150PE | D4: 250PE
A5: Total reads | B5: =SUM('S7 Track1'!A4, 'S8 Track2'!A4, 'S9 Track3'!A4, 'S10 Track4'!A4) -> 3332370 | C5: ='S11 Track5'!A4+'S12 Track6'!A4 -> 2406398 | D5: ='S13 Track7'!A4 -> 3642219
A6: Overall Q30 | B6: 0.9208 | C6: 0.958 | D6: 0.9253
A8: After DADA2 processing | B8: ='S7 Track1'!G44+ 'S8 Track2'!G48+ 'S9 Track3'!G49+ 'S10 Track4'!G42 -> 2572852 | C8: ='S11 Track5'!G41+'S12 Track6'!G40 -> 2212982 | D8: ='S13 Track7'!G33 -> 3343360
A9: % | B9: =B8/B5 -> 0.77207873 | C9: =C8/C5 -> 0.91962427 | D9: =D8/D5 -> 0.9179459
A11: Samples | B11: Pool + HK water pilot samples | C11: Pool + HK water pilot samples | D11: Natural "positive" samples
A13: Primers | B13: Mu31F/Dc320R | C13: MiMammal | D13: Mu31F/Dc320R
B14: Dc671F/Dc1015R | C14: Ceto2
B15: Mu2084F/Dc2438R
B16: Mu9459F/Mu9822R

Sheet S7 Track1
A1: Table S7. Sequence processing summary for Mu31F/Dc320R
A2: Total sequence reads before processing (Run 1 + 2 + 3)
A3: reads | B3: Q30(%)
A4: =1805816/2 -> 902908 | B4: 93.2
A7: Sequence reads after initial quality filtering and primer trimming
A8: Sequence reads | B8: Run 1 | D8: Run 2 | F8: Run 3 | I8: Total
A9: file | B9: num_seqs | C9: Q30(%) | D9: num_seqs | E9: Q30(%) | F9: num_seqs | G9: Q30(%)
A10: S001 | B10: 48278 | C10: 93.94 | D10: 60723 | E10: 93.38 | F10: 24841 | G10: 93.39 | I10: =SUM(B10,D10,F10) -> 133842
A11: S002 | B11: 49592 | C11: 93.28 | D11: 66459 | E11: 92.74 | F11: 26473 | G11: 93.08 | I11: =SUM(B11,D11,F11) -> 142524
A12: S003 | B12: 40745 | C12: 93.62 | D12: 53694 | E12: 92.96 | F12: 21233 | G12: 93.14 | I12: =SUM(B12,D12,F12) -> 115672
A13: S004 | B13: 43840 | C13: 94.29 | D13: 55019 | E13: 93.49 | F13: 23288 | G13: 93.49 | I13: =SUM(B13,D13,F13) -> 122147
A14: S005 | B14: 46221 | C14: 94.01 | D14: 49093 | E14: 93.24 | F14: 21381 | G14: 93.44 | I14: =SUM(B14,D14,F14) -> 116695
A15: S006 | B15: 47688 | C15: 93.5 | D15: 63605 | E15: 92.95 | F15: 25000 | G15: 93.28 | I15: =SUM(B15,D15,F15) -> 136293
A16: S007 | B16: 47071 | C16: 93.55 | D16: 62370 | E16: 92.83 | F16: 24732 | G16: 92.94 | I16: =SUM(B16,D16,F16) -> 134173
A17: S008 | B17: 252 | C17: 93.72 | D17: 328 | E17: 93.5 | F17: 132 | G17: 94.26 | I17: =SUM(B17,D17,F17) -> 712
A18: S009 | B18: 1 | C18: 98.4 | D18: 0 | E18: NA | F18: 0 | G18: NA | I18: =SUM(B18,D18,F18) -> 1
A19: S010 | B19: 2 | C19: 98.4 | D19: 0 | E19: NA | F19: 1 | G19: 32 | I19: =SUM(B19,D19,F19) -> 3
A20: S011 | B20: 1 | C20: 98.8 | D20: 0 | E20: NA | F20: 0 | G20: NA | I20: =SUM(B20,D20,F20) -> 1
A21: S012 | B21: 2 | C21: 70.6 | D21: 0 | E21: NA | F21: 2 | G21: 83.6 | I21: =SUM(B21,D21,F21) -> 4
A22: S013 | B22: 2 | C22: 96.6 | D22: 0 | E22: NA | F22: 0 | G22: NA | I22: =SUM(B22,D22,F22) -> 2
A23: S014 | B23: 296 | C23: 92.87 | D23: 378 | E23: 93.12 | F23: 148 | G23: 93.25 | I23: =SUM(B23,D23,F23) -> 822
A24: S015 | B24: 0 | C24: NA | D24: 0 | E24: NA | F24: 7 | G24: 62.57 | I24: =SUM(B24,D24,F24) -> 7
A25: S016 | B25: 4 | C25: 85.4 | D25: 5 | E25: 93.04 | F25: 1 | G25: 91.2 | I25: =SUM(B25,D25,F25) -> 10
A27: Total | I27: =SUM(I10:I17) -> 902058
A30: Sequence reads after DADA2 processing
A31: DADA2 tracking
B32: input | C32: filtered | D32: denoised | E32: merged | F32: tabled | G32: nonchim | H32: prop.last.first.
A33: S001 | B33: 133061 | C33: 124759 | D33: 124563 | E33: 122664 | F33: 122664 | G33: 63137 | H33: =G33/B33 -> 0.47449666
A34: S002 | B34: 141698 | C34: 131863 | D34: 131746 | E34: 130839 | F34: 130839 | G34: 122321 | H34: =G34/B34 -> 0.86325142
A35: S003 | B35: 114872 | C35: 107192 | D35: 107113 | E35: 106255 | F35: 106255 | G35: 63521 | H35: =G35/B35 -> 0.552972
A36: S004 | B36: 121444 | C36: 114090 | D36: 113989 | E36: 112749 | F36: 112749 | G36: 76725 | H36: =G36/B36 -> 0.63177267
A37: S005 | B37: 115945 | C37: 108286 | D37: 108140 | E37: 106782 | F37: 106782 | G37: 83059 | H37: =G37/B37 -> 0.71636552
A38: S006 | B38: 135499 | C38: 126701 | D38: 126462 | E38: 124402 | F38: 124402 | G38: 98223 | H38: =G38/B38 -> 0.72489834
A39: S007 | B39: 133376 | C39: 124173 | D39: 124016 | E39: 123021 | F39: 123021 | G39: 120475 | H39: =G39/B39 -> 0.90327345
A40: S008 | B40: 708 | C40: 670 | D40: 670 | E40: 666 | F40: 666 | G40: 617 | H40: =G40/B40 -> 0.87146893
A41: S013 | B41: 2 | C41: 2 | D41: 2 | E41: 2 | F41: 2 | G41: 2 | H41: =G41/B41 -> 1
A42: S014 | B42: 814 | C42: 756 | D42: 756 | E42: 756 | F42: 756 | G42: 756 | H42: =G42/B42 -> 0.92874693
A44: Total | B44: =SUM(B33:B42) -> 897419 | C44: =SUM(C33:C42) -> 838492 | D44: =SUM(D33:D42) -> 837457 | E44: =SUM(E33:E42) -> 828136 | F44: =SUM(F33:F42) -> 828136 | G44: =SUM(G33:G42) -> 628836 | H44: =G44/B44 -> 0.70071616

Sheet S8 Track2
A1: Table S8. Sequence processing summary for Dc671F/Dc1015R
A2: Total sequence reads before processing (Run 1 + 2 + 3)
A3: reads | B3: Q30(%)
A4: =1562010/2 -> 781005 | B4: 92.39
A7: Sequence reads after initial quality filtering and primer trimming
A8: Sequence reads | B8: Run 1 | D8: Run 2 | F8: Run 3 | I8: Total
A9: file | B9: num_seqs | C9: Q30(%) | D9: num_seqs | E9: Q30(%) | F9: num_seqs | G9: Q30(%)
A10: S017 | B10: 37230 | C10: 93.15 | D10: 47941 | E10: 92.28 | F10: 20305 | G10: 92.55 | I10: =SUM(B10,D10,F10) -> 105476
A11: S018 | B11: 39862 | C11: 93.27 | D11: 54918 | E11: 92.26 | F11: 22242 | G11: 92.77 | I11: =SUM(B11,D11,F11) -> 117022
A12: S019 | B12: 40191 | C12: 93.25 | D12: 54100 | E12: 92.39 | F12: 22052 | G12: 92.63 | I12: =SUM(B12,D12,F12) -> 116343
A13: S020 | B13: 34980 | C13: 93.23 | D13: 45354 | E13: 92.22 | F13: 20280 | G13: 92.49 | I13: =SUM(B13,D13,F13) -> 100614
A14: S021 | B14: 36982 | C14: 93.14 | D14: 47477 | E14: 92.07 | F14: 20307 | G14: 92.48 | I14: =SUM(B14,D14,F14) -> 104766
A15: S022 | B15: 39683 | C15: 93.24 | D15: 52474 | E15: 92.33 | F15: 21633 | G15: 92.66 | I15: =SUM(B15,D15,F15) -> 113790
A16: S023 | B16: 38755 | C16: 92.98 | D16: 51387 | E16: 91.87 | F16: 21643 | G16: 92.32 | I16: =SUM(B16,D16,F16) -> 111785
A17: S024 | B17: 103 | C17: 95.08 | D17: 145 | E17: 90.67 | F17: 56 | G17: 91.52 | I17: =SUM(B17,D17,F17) -> 304
A18: S025 | B18: 2 | C18: 96.2 | D18: 0 | E18: NA | F18: 0 | G18: NA | I18: =SUM(B18,D18,F18) -> 2
A19: S026 | B19: 2 | C19: 95.4 | D19: 0 | E19: NA | F19: 1 | G19: 49.6 | I19: =SUM(B19,D19,F19) -> 3
A20: S027 | B20: 1 | C20: 94.8 | D20: 0 | E20: NA | F20: 0 | G20: NA | I20: =SUM(B20,D20,F20) -> 1
A21: S028 | B21: 4 | C21: 93.2 | D21: 0 | E21: NA | F21: 0 | G21: NA | I21: =SUM(B21,D21,F21) -> 4
A22: S029 | B22: 0 | C22: NA | D22: 0 | E22: NA | F22: 0 | G22: NA | I22: =SUM(B22,D22,F22) -> 0
A23: S030 | B23: 3737 | C23: 93.62 | D23: 5099 | E23: 92.61 | F23: 2058 | G23: 92.96 | I23: =SUM(B23,D23,F23) -> 10894
A24: S031 | B24: 0 | C24: NA | D24: 1 | E24: 96 | F24: 0 | G24: NA | I24: =SUM(B24,D24,F24) -> 1
A25: S032 | B25: 0 | C25: NA | D25: 0 | E25: NA | F25: 0 | G25: NA | I25: =SUM(B25,D25,F25) -> 0
A27: Total | I27: =SUM(I10:I17) -> 770100
A30: Sequence reads after DADA2 processing
A31: DADA2 tracking
B32: input | C32: filtered | D32: denoised | E32: merged | F32: tabled | G32: nonchim | H32: prop.last.first.
A33: S017 | B33: 104850 | C33: 98279 | D33: 98231 | E33: 97723 | F33: 97723 | G33: 77531 | H33: =G33/B33 -> 0.73944683
A34: S018 | B34: 116208 | C34: 108788 | D34: 108700 | E34: 108454 | F34: 108454 | G34: 106727 | H34: =G34/B34 -> 0.91841353
A35: S019 | B35: 115520 | C35: 108005 | D35: 107913 | E35: 107255 | F35: 107255 | G35: 88643 | H35: =G35/B35 -> 0.76733899
A36: S020 | B36: 99986 | C36: 93928 | D36: 93897 | E36: 93376 | F36: 93376 | G36: 77508 | H36: =G36/B36 -> 0.77518853
A37: S021 | B37: 103484 | C37: 96880 | D37: 96855 | E37: 96270 | F37: 96270 | G37: 82566 | H37: =G37/B37 -> 0.79786247
A38: S022 | B38: 113091 | C38: 106040 | D38: 105853 | E38: 104649 | F38: 104649 | G38: 80804 | H38: =G38/B38 -> 0.71450425
A39: S023 | B39: 111103 | C39: 103938 | D39: 103921 | E39: 103626 | F39: 103626 | G39: 100330 | H39: =G39/B39 -> 0.90303592
A40: S024 | B40: 302 | C40: 284 | D40: 284 | E40: 283 | F40: 283 | G40: 272 | H40: =G40/B40 -> 0.90066225
A41: S025 | B41: 1 | C41: 1 | D41: 1 | E41: 1 | F41: 1 | G41: 1 | H41: =G41/B41 -> 1
A42: S026 | B42: 2 | C42: 2 | D42: 2 | E42: 2 | F42: 2 | G42: 2 | H42: =G42/B42 -> 1
A43: S027 | B43: 1 | C43: 1 | D43: 1 | E43: 1 | F43: 1 | G43: 1 | H43: =G43/B43 -> 1
A44: S028 | B44: 4 | C44: 4 | D44: 4 | E44: 4 | F44: 4 | G44: 4 | H44: =G44/B44 -> 1
... A46: S031 | B46: 1 | C46: 1 | D46: 1 | E46: 1 | F46: 1 | G46: 1 | H46: =G46/B46 -> 1
A48: Total | B48: =SUM(B33:B46) -> 775370 | C48: =SUM(C33:C46) -> 726373 | D48: =SUM(D33:D46) -> 725885 | E48: =SUM(E33:E46) -> 721867 | F48: =SUM(F33:F46) -> 721867 | G48: =SUM(G33:G46) -> 624612 | H48: =G48/B48 -> 0.80556637

Sheet S9 Track3
A1: Table S9. Sequence processing summary for Mu2084F/Dc2438R
A2: Total sequence reads before processing (Run 1 + 2 + 3)
A3: reads | B3: Q30(%)
A4: 782716 | B4: 91.69
A7: Sequence reads after initial quality filtering and primer trimming
A8: Sequence reads | B8: Run 1 | D8: Run 2 | F8: Run 3 | I8: Total
A9: file | B9: num_seqs | C9: Q30(%) | D9: num_seqs | E9: Q30(%) | F9: num_seqs | G9: Q30(%)
A10: S033 | B10: 26784 | C10: 92.71 | D10: 37861 | E10: 92.15 | F10: 14614 | G10: 92.32 | I10: =SUM(B10,D10,F10) -> 79259
A11: S034 | B11: 27172 | C11: 92.47 | D11: 38167 | E11: 91.88 | F11: 14900 | G11: 92.2 | I11: =SUM(B11,D11,F11) -> 80239
A12: S035 | B12: 27731 | C12: 92.61 | D12: 38004 | E12: 91.95 | F12: 14642 | G12: 92.15 | I12: =SUM(B12,D12,F12) -> 80377
A13: S036 | B13: 25360 | C13: 92.94 | D13: 36393 | E13: 92.38 | F13: 14718 | G13: 92.15 | I13: =SUM(B13,D13,F13) -> 76471
A14: S037 | B14: 26951 | C14: 92.81 | D14: 37843 | E14: 92.06 | F14: 14630 | G14: 92.29 | I14: =SUM(B14,D14,F14) -> 79424
A15: S038 | B15: 25753 | C15: 92.62 | D15: 35848 | E15: 91.97 | F15: 14126 | G15: 92.09 | I15: =SUM(B15,D15,F15) -> 75727
A16: S039 | B16: 26696 | C16: 92.93 | D16: 37832 | E16: 92.28 | F16: 14613 | G16: 92.5 | I16: =SUM(B16,D16,F16) -> 79141
A17: S040 | B17: 169 | C17: 91.74 | D17: 214 | E17: 92.68 | F17: 78 | G17: 93.27 | I17: =SUM(B17,D17,F17) -> 461
A18: S041 | B18: 34 | C18: 92.39 | D18: 33 | E18: 92.41 | F18: 11 | G18: 93.49 | I18: =SUM(B18,D18,F18) -> 78
A19: S042 | B19: 39600 | C19: 92.47 | D19: 55796 | E19: 91.83 | F19: 21908 | G19: 92.17 | I19: =SUM(B19,D19,F19) -> 117304
A20: S043 | B20: 101 | C20: 92.71 | D20: 90 | E20: 94.59 | F20: 34 | G20: 93.22 | I20: =SUM(B20,D20,F20) -> 225
A21: S044 | B21: 20 | C21: 87.46 | D21: 0 | E21: NA | F21: 1 | G21: 81.6 | I21: =SUM(B21,D21,F21) -> 21
A22: S045 | B22: 896 | C22: 94.07 | D22: 1228 | E22: 93.26 | F22: 526 | G22: 93.17 | I22: =SUM(B22,D22,F22) -> 2650
A23: S046 | B23: 37722 | C23: 93.09 | D23: 52329 | E23: 92.38 | F23: 21282 | G23: 92.71 | I23: =SUM(B23,D23,F23) -> 111333
A24: S047 | B24: 3 | C24: 96.67 | D24: 2 | E24: 97.4 | F24: 1 | G24: 94.4 | I24: =SUM(B24,D24,F24) -> 6
A25: S048 | B25: 0 | C25: NA | D25: 0 | E25: NA | F25: 0 | G25: NA | I25: =SUM(B25,D25,F25) -> 0
A27: Total | I27: =SUM(I10:I17) -> 551099
A30: Sequence reads after DADA2 processing
A31: DADA2 tracking
B32: input | C32: filtered | D32: denoised | E32: merged | F32: tabled | G32: nonchim | H32: prop.last.first.
A33: S033 | B33: 78819 | C33: 73104 | D33: 73068 | E33: 72776 | F33: 72776 | G33: 52597 | H33: =G33/B33 -> 0.66731372
A34: S034 | B34: 79708 | C34: 73587 | D34: 73553 | E34: 73306 | F34: 73306 | G34: 69981 | H34: =G34/B34 -> 0.87796708
A35: S035 | B35: 79896 | C35: 73669 | D35: 73628 | E35: 73395 | F35: 73395 | G35: 56826 | H35: =G35/B35 -> 0.71124962
A36: S036 | B36: 76058 | C36: 70874 | D36: 70817 | E36: 70516 | F36: 70516 | G36: 60671 | H36: =G36/B36 -> 0.79769387
A37: S037 | B37: 78996 | C37: 73181 | D37: 73154 | E37: 72904 | F37: 72904 | G37: 62657 | H37: =G37/B37 -> 0.79316674
A38: S038 | B38: 75301 | C38: 69681 | D38: 69571 | E38: 68478 | F38: 68478 | G38: 42176 | H38: =G38/B38 -> 0.5600988
A39: S039 | B39: 78000 | C39: 72352 | D39: 72214 | E39: 71131 | F39: 71131 | G39: 68266 | H39: =G39/B39 -> 0.87520513
A40: S040 | B40: 454 | C40: 422 | D40: 422 | E40: 422 | F40: 422 | G40: 416 | H40: =G40/B40 -> 0.91629956
A41: S041 | B41: 78 | C41: 70 | D41: 70 | E41: 70 | F41: 70 | G41: 70 | H41: =G41/B41 -> 0.8974359
A42: S042 | B42: 116006 | C42: 106496 | D42: 106489 | E42: 106487 | F42: 106487 | G42: 106447 | H42: =G42/B42 -> 0.91759909
A43: S043 | B43: 221 | C43: 209 | D43: 209 | E43: 209 | F43: 209 | G43: 209 | H43: =G43/B43 -> 0.94570136
A44: S044 | B44: 19 | C44: 16 | D44: 16 | E44: 16 | F44: 16 | G44: 16 | H44: =G44/B44 -> 0.84210526
... A47: S047 | B47: 5 | C47: 5 | D47: 5 | E47: 5 | F47: 5 | G47: 5 | H47: =G47/B47 -> 1
A49: Total | B49: =SUM(B33:B47) -> 775694 | C49: =SUM(C33:C47) -> 717701 | D49: =SUM(D33:D47) -> 717243 | E49: =SUM(E33:E47) -> 713736 | F49: =SUM(F33:F47) -> 713736 | G49: =SUM(G33:G47) -> 624179 | H49: =G49/B49 -> 0.80467169

Sheet S10 Track4
A1: Table S10. Sequence processing summary for Mu9459F/Mu9822R
A2: Total sequence reads before processing (Run 1 + 2 + 3)
A3: reads | B3: Q30(%)
A4: =1731482/2 -> 865741 | B4: 91
A7: Sequence reads after initial quality filtering and primer trimming
A8: Sequence reads | B8: Run 1 | D8: Run 2 | F8: Run 3 | I8: Total
A9: file | B9: num_seqs | C9: Q30(%) | D9: num_seqs | E9: Q30(%) | F9: num_seqs | G9: Q30(%)
A10: S049 | B10: 42687 | C10: 90.9 | D10: 56893 | E10: 90.54 | F10: 23754 | G10: 91.33 | I10: =SUM(B10,D10,F10) -> 123334
A11: S050 | B11: 46705 | C11: 91.12 | D11: 62550 | E11: 90.69 | F11: 25654 | G11: 91.26 | I11: =SUM(B11,D11,F11) -> 134909
A12: S051 | B12: 43236 | C12: 90.58 | D12: 58521 | E12: 90.35 | F12: 24200 | G12: 91.01 | I12: =SUM(B12,D12,F12) -> 125957
A13: S052 | B13: 38806 | C13: 91.03 | D13: 52041 | E13: 90.72 | F13: 21962 | G13: 91.18 | I13: =SUM(B13,D13,F13) -> 112809
A14: S053 | B14: 40569 | C14: 91.02 | D14: 53901 | E14: 90.56 | F14: 22355 | G14: 91.38 | I14: =SUM(B14,D14,F14) -> 116825
A15: S054 | B15: 41256 | C15: 91.15 | D15: 55526 | E15: 90.82 | F15: 23230 | G15: 91.39 | I15: =SUM(B15,D15,F15) -> 120012
A16: S055 | B16: 45561 | C16: 90.51 | D16: 61197 | E16: 90.01 | F16: 25046 | G16: 90.78 | I16: =SUM(B16,D16,F16) -> 131804
A17: S056 | B17: 30 | C17: 90.99 | D17: 32 | E17: 91.13 | F17: 14 | G17: 89.6 | I17: =SUM(B17,D17,F17) -> 76
A18: S057 | B18: 0 | C18: NA | D18: 0 | E18: NA | F18: 0 | G18: NA | I18: =SUM(B18,D18,F18) -> 0
A19: S058 | B19: 0 | C19: NA | D19: 0 | E19: NA | F19: 11 | G19: 83.16 | I19: =SUM(B19,D19,F19) -> 11
A20: S059 | B20: 0 | C20: NA | D20: 0 | E20: NA | F20: 0 | G20: NA | I20: =SUM(B20,D20,F20) -> 0
A21: S060 | B21: 0 | C21: NA | D21: 0 | E21: NA | F21: 1 | G21: 79.2 | I21: =SUM(B21,D21,F21) -> 1
A22: S061 | B22: 0 | C22: NA | D22: 0 | E22: NA | F22: 0 | G22: NA | I22: =SUM(B22,D22,F22) -> 0
A23: S062 | B23: 0 | C23: NA | D23: 0 | E23: NA | F23: 2 | G23: 69.6 | I23: =SUM(B23,D23,F23) -> 2
A24: S063 | B24: 0 | C24: NA | D24: 0 | E24: NA | F24: 1 | G24: 80.8 | I24: =SUM(B24,D24,F24) -> 1
A25: S064 | B25: 0 | C25: NA | D25: 0 | E25: NA | F25: 0 | G25: NA | I25: =SUM(B25,D25,F25) -> 0
A27: Total | I27: =SUM(I10:I17) -> 865726
A30: Sequence reads after DADA2 processing
A31: DADA2 tracking
B32: input | C32: filtered | D32: denoised | E32: merged | F32: tabled | G32: nonchim | H32: prop.last.first.
A33: S049 | B33: 122330 | C33: 112567 | D33: 112435 | E33: 112185 | F33: 112185 | G33: 88810 | H33: =G33/B33 -> 0.72598708
A34: S050 | B34: 133719 | C34: 122539 | D34: 122393 | E34: 121724 | F34: 121724 | G34: 114942 | H34: =G34/B34 -> 0.85957867
A35: S051 | B35: 124696 | C35: 113879 | D35: 113769 | E35: 113550 | F35: 113550 | G35: 93461 | H35: =G35/B35 -> 0.74951081
A36: S052 | B36: 111760 | C36: 103190 | D36: 103082 | E36: 102779 | F36: 102779 | G36: 81194 | H36: =G36/B36 -> 0.72650322
A37: S053 | B37: 115662 | C37: 106285 | D37: 106215 | E37: 105833 | F37: 105833 | G37: 97547 | H37: =G37/B37 -> 0.84337985
A38: S054 | B38: 118873 | C38: 109137 | D38: 109009 | E38: 108144 | F38: 108144 | G38: 102147 | H38: =G38/B38 -> 0.85929521
A39: S055 | B39: 130689 | C39: 119664 | D39: 119597 | E39: 119001 | F39: 119001 | G39: 117057 | H39: =G39/B39 -> 0.8956913
A40: S056 | B40: 75 | C40: 70 | D40: 70 | E40: 69 | F40: 69 | G40: 67 | H40: =G40/B40 -> 0.89333333
A42: Total | B42: =SUM(B33:B40) -> 857804 | C42: =SUM(C33:C40) -> 787331 | D42: =SUM(D33:D40) -> 786570 | E42: =SUM(E33:E40) -> 783285 | F42: =SUM(F33:F40) -> 783285 | G42: =SUM(G33:G40) -> 695225 | H42: =G42/B42 -> 0.81047069

Sheet S11 Track5
A1: Table S11. Sequence processing summary for MiMammal
A2: Total sequence reads before processing
A3: reads | B3: Q30(%)
A4: =2157512/2 -> 1078756 | B4: 96.72
A7: Sequence reads after initial quality filtering and primer trimming
A8: Sequence reads | B8: Run 1
A9: file | B9: num_seqs | C9: Q30(%)
A10: R001 | B10: 95085 | C10: 96.91
A11: R002 | B11: 92090 | C11: 97.01
A12: R003 | B12: 91617 | C12: 96.95
A13: R004 | B13: 89657 | C13: 96.95
A14: R005 | B14: 86643 | C14: 97.26
A15: R006 | B15: 95378 | C15: 96.72
A16: R007 | B16: 103963 | C16: 96.87
A17: R008 | B17: 147928 | C17: 96.8
A18: R009 | B18: 135721 | C18: 94.89
A19: R010 | B19: 140664 | C19: 96.86
A20: R011 | B20: 0 | C20: 0
A21: R012 | B21: 10 | C21: 98.08
A23: Total | B23: =SUM(B10:B21) -> 1078756
A26: Sequence reads after DADA2 processing
A27: DADA2 tracking
B28: input | C28: filtered | D28: denoised | E28: merged | F28: tabled | G28: nonchim | H28: prop.last.first.
A29: R001 | B29: 93542 | C29: 91825 | D29: 91780 | E29: 90530 | F29: 90530 | G29: 82593 | H29: =G29/B29 -> 0.88295097
A30: R002 | B30: 90665 | C30: 88963 | D30: 88958 | E30: 88155 | F30: 88155 | G30: 85113 | H30: =G30/B30 -> 0.93876358
A31: R003 | B31: 90010 | C31: 88172 | D31: 88155 | E31: 87056 | F31: 87056 | G31: 77730 | H31: =G31/B31 -> 0.86357071
A32: R004 | B32: 88340 | C32: 86745 | D32: 86711 | E32: 85880 | F32: 85880 | G32: 82334 | H32: =G32/B32 -> 0.93201268
A33: R005 | B33: 85666 | C33: 84417 | D33: 84381 | E33: 83979 | F33: 83979 | G33: 81757 | H33: =G33/B33 -> 0.95436929
A34: R006 | B34: 93492 | C34: 91777 | D34: 91755 | E34: 90611 | F34: 90611 | G34: 72642 | H34: =G34/B34 -> 0.77698627
A35: R007 | B35: 102365 | C35: 100480 | D35: 100461 | E35: 99744 | F35: 99744 | G35: 99277 | H35: =G35/B35 -> 0.96983344
A36: R008 | B36: 146460 | C36: 143967 | D36: 143962 | E36: 143942 | F36: 143942 | G36: 143942 | H36: =G36/B36 -> 0.98280759
A37: R009 | B37: 133987 | C37: 127050 | D37: 127037 | E37: 125509 | F37: 125509 | G37: 125508 | H37: =G37/B37 -> 0.93671774
A38: R010 | B38: 139341 | C38: 137038 | D38: 137032 | E38: 137016 | F38: 137016 | G38: 136965 | H38: =G38/B38 -> 0.98294831
A39: R012 | B39: 10 | C39: 10 | D39: 10 | E39: 10 | F39: 10 | G39: 10 | H39: =G39/B39 -> 1
A41: Total | B41: =SUM(B29:B39) -> 1063878 | C41: =SUM(C29:C39) -> 1040444 | D41: =SUM(D29:D39) -> 1040242 | E41: =SUM(E29:E39) -> 1032432 | F41: =SUM(F29:F39) -> 1032432 | G41: =SUM(G29:G39) -> 987871 | H41: =G41/B41 -> 0.92855666

Sheet S12 Track6
A1: Table S12. Sequence processing summary for Ceto2
A2: Total sequence reads before processing
A3: reads | B3: Q30(%)
A4: =2655284/2 -> 1327642 | B4: 95.06
A7: Sequence reads after initial quality filtering and primer trimming
A8: Sequence reads | B8: Run 1
A9: file | B9: num_seqs | C9: Q30(%)
A10: R013 | B10: 150660 | C10: 94.38
A11: R014 | B11: 141305 | C11: 95.05
A12: R015 | B12: 178749 | C12: 94.55
A13: R016 | B13: 163730 | C13: 94.28
A14: R017 | B14: 151254 | C14: 94.44
A15: R018 | B15: 142963 | C15: 94.8
A16: R019 | B16: 135156 | C16: 94.38
A17: R020 | B17: 69258 | C17: 94.46
A18: R021 | B18: 88735 | C18: 94.45
A19: R022 | B19: 105744 | C19: 93.6
A20: R023 | B20: 0 | C20: NA
A21: R024 | B21: 88 | C21: 96.15
A23: Total | B23: =SUM(B10:B21) -> 1327642 | C23: 95.06
A26: DADA2 tracking
B27: input | C27: filtered | D27: denoised | E27: merged | F27: tabled | G27: nonchim | H27: prop.last.first.
A28: R013 | B28: 148038 | C28: 147714 | D28: 147675 | E28: 146044 | F28: 146044 | G28: 136056 | H28: =G28/B28 -> 0.91906132
A29: R014 | B29: 139023 | C29: 138779 | D29: 138709 | E29: 137709 | F29: 137709 | G29: 135185 | H29: =G29/B29 -> 0.97239306
A30: R015 | B30: 175464 | C30: 175121 | D30: 175091 | E30: 173253 | F30: 173253 | G30: 162119 | H30: =G30/B30 -> 0.92394451
A31: R016 | B31: 160892 | C31: 160556 | D31: 160459 | E31: 158952 | F31: 158952 | G31: 150381 | H31: =G31/B31 -> 0.93467046
A32: R017 | B32: 149033 | C32: 148683 | D32: 148594 | E32: 147632 | F32: 147632 | G32: 141934 | H32: =G32/B32 -> 0.95236625
A33: R018 | B33: 140289 | C33: 140040 | D33: 139955 | E33: 137886 | F33: 137886 | G33: 136159 | H33: =G33/B33 -> 0.97056077
A34: R019 | B34: 132682 | C34: 132472 | D34: 132295 | E34: 129993 | F34: 129993 | G34: 125403 | H34: =G34/B34 -> 0.94513951
A35: R020 | B35: 68008 | C35: 67896 | D35: 67804 | E35: 65019 | F35: 65019 | G35: 62500 | H35: =G35/B35 -> 0.91900953
A36: R021 | B36: 87260 | C36: 87127 | D36: 86980 | E36: 84950 | F36: 84950 | G36: 82360 | H36: =G36/B36 -> 0.94384598
A37: R022 | B37: 104069 | C37: 103875 | D37: 103637 | E37: 99811 | F37: 99811 | G37: 92927 | H37: =G37/B37 -> 0.89293642
A38: R024 | B38: 87 | C38: 87 | D38: 87 | E38: 87 | F38: 87 | G38: 87 | H38: =G38/B38 -> 1
A40: Total | B40: =SUM(B28:B38) -> 1304845 | C40: =SUM(C28:C38) -> 1302350 | D40: =SUM(D28:D38) -> 1301286 | E40: =SUM(E28:E38) -> 1281336 | F40: =SUM(F28:F38) -> 1281336 | G40: =SUM(G28:G38) -> 1225111 | H40: =G40/B40 -> 0.93889389

Sheet S13 Track7
A1: Table S13. Sequence processing summary for field positive samples
A2: Total sequence reads before processing
A3: reads | B3: Q30(%)
A4: =7284438/2 -> 3642219 | B4: 92.53
A7: Sequence reads after initial quality filtering and primer trimming
A8: Sequence reads | B8: Run 1 | D8: Run 2 | F8: Run 3 | I8: Total
A9: file | B9: num_seqs | C9: Q30(%) | D9: num_seqs | E9: Q30(%) | F9: num_seqs | G9: Q30(%)
A10: T001 | B10: 1255747 | C10: 90.62 | D10: 452308 | E10: 92.38 | F10: 258572 | G10: 92.89 | I10: =SUM(B10, D10, F10) -> 1966627
A11: T002 | B11: 929930 | C11: 90.78 | D11: 423971 | E11: 92.61 | F11: 218625 | G11: 92.95 | I11: =SUM(B11, D11, F11) -> 1572526
A12: T003 | B12: 0 | C12: 0 | D12: 0 | E12: 0 | F12: 0 | G12: 0 | I12: =SUM(B12, D12, F12) -> 0
A13: T004 | B13: 45 | C13: 87.21 | D13: 47 | E13: 87 | F13: 31 | G13: 82.07 | I13: =SUM(B13, D13, F13) -> 123
A14: T005 | B14: 59087 | C14: 92.73 | D14: 29195 | E14: 94.17 | F14: 14656 | G14: 94.32 | I14: =SUM(B14, D14, F14) -> 102938
A15: T006 | B15: 0 | C15: 0 | D15: 0 | E15: 0 | F15: 0 | G15: 0 | I15: =SUM(B15, D15, F15) -> 0
A16: T007 | B16: 0 | C16: 0 | D16: 0 | E16: 0 | F16: 1 | G16: 86.78 | I16: =SUM(B16, D16, F16) -> 1
A17: T008 | B17: 3 | C17: 72.31 | D17: 0 | E17: 0 | F17: 1 | G17: 88.02 | I17: =SUM(B17, D17, F17) -> 4
A19: Total | I19: =SUM(I10:I17) -> 3642219
A22: DADA2 tracking
B23: input | C23: filtered | D23: denoised | E23: merged | F23: tabled | G23: nonchim | H23: prop.last.first.
A24: T001 | B24: 1960321 | C24: 1823107 | D24: 1823005 | E24: 1801076 | F24: 1801076 | G24: 1800670 | H24: =G24/B24 -> 0.91855875
A25: T002 | B25: 1567847 | C25: 1465421 | D25: 1465307 | E25: 1447675 | F25: 1447675 | G25: 1447562 | H25: =G25/B25 -> 0.92328014
A26: T003 | B26: 0 | C26: 0 | D26: 0 | E26: 0 | F26: 0 | G26: 0 | H26: NA
A27: T004 | B27: 1 | C27: 1 | D27: 1 | E27: 1 | F27: 1 | G27: 1 | H27: =G27/B27 -> 1
A28: T005 | B28: 102517 | C28: 96243 | D28: 96233 | E28: 95129 | F28: 95129 | G28: 95126 | H28: =G28/B28 -> 0.92790464
A29: T006 | B29: 0 | C29: 0 | D29: 0 | E29: 0 | F29: 0 | G29: 0 | H29: NA
A30: T007 | B30: 1 | C30: 1 | D30: 1 | E30: 1 | F30: 1 | G30: 1 | H30: =G30/B30 -> 1
A31: T008 | B31: 0 | C31: 0 | D31: 0 | E31: 0 | F31: 0 | G31: 0 | H31: NA
A33: Total | B33: =SUM(B24:B31) -> 3630687 | C33: =SUM(C24:C31) -> 3384773 | D33: =SUM(D24:D31) -> 3384547 | E33: =SUM(E24:E31) -> 3343882 | F33: =SUM(F24:F31) -> 3343882 | G33: =SUM(G24:G31) -> 3343360 | H33: =G33/B33 -> 0.92086153
A36: OTU assignment | B36: S. chinensis
A37: T001 | B37: 1800670
A38: T002 | B38: 1447562
A39: T003 | B39: 0
A40: T004 | B40: 1
A41: T005 | B41: 95126
A42: T006 | B42: 0
A43: T007 | B43: 1
A44: T008 | B44: 0
A46: Total | B46: =SUM(B37:B44) -> 3343360

Sheet S14 ASV matrix1
G1: Claident automatic taxa assignment
G2: family | H2: Delphinidae | I2: Delphinidae | J2: Delphinidae | K2: Delphinidae | L2: Delphinidae | M2: Delphinidae | N2: Delphinidae | O2: Delphinidae | P2: Delphinidae | Q2: Delphinidae | R2: Delphinidae | S2: Delphinidae | T2: Delphinidae | U2: Delphinidae | V2: Delphinidae | W2: Delphinidae | X2: Phocoenidae | Y2: Delphinidae | Z2: Delphinidae | AA2: Delphinidae | AB2: Delphinidae | AC2: Delphinidae | AD2: Delphinidae | AE2: Delphinidae | AF2: Delphinidae | AG2: Delphinidae | AH2: Delphinidae | AJ2: Delphinidae | AK2: Delphinidae | AL2: Delphinidae | AM2: Delphinidae | AN2: Delphinidae | AO2: Delphinidae | AP2: Delphinidae | AQ2: Delphinidae | AR2: Delphinidae | AS2: Delphinidae | AT2: Delphinidae | AU2: Delphinidae | AV2: Delphinidae | AW2: Delphinidae | AX2: Delphinidae | AY2: Delphinidae | BA2: Delphinidae | BC2: Delphinidae | BD2: Delphinidae | BE2: Delphinidae | BF2: Delphinidae | BG2: Delphinidae | BH2: Delphinidae | BI2: Delphinidae | BJ2: Delphinidae | BK2: Delphinidae | BL2: Delphinidae | BO2: Delphinidae | BP2: Delphinidae | BQ2: Delphinidae | BR2: Delphinidae | BS2: Delphinidae | BT2: Delphinidae | BU2: Delphinidae | BV2: Delphinidae | BW2: Delphinidae | BX2: Delphinidae | BY2: Delphinidae | BZ2: Delphinidae | CA2: Delphinidae | CB2: Delphinidae | CC2: Delphinidae | CE2: Delphinidae | CF2: Delphinidae | CG2: Delphinidae | CH2: Delphinidae | CI2: Delphinidae | CJ2: Delphinidae | CM2: Delphinidae | CN2: Delphinidae | CO2: Delphinidae | CP2: Delphinidae | CQ2: Delphinidae | CR2: Delphinidae | CS2: Delphinidae | CT2: Delphinidae | CU2: Delphinidae | CV2: Delphinidae | CW2: Delphinidae | CY2: Delphinidae | DA2: Delphinidae | DB2: Delphinidae | DC2: Delphinidae | DD2: Delphinidae | DE2: Delphinidae | DF2: Delphinidae | DG2: Delphinidae | DH2: Delphinidae | DI2: Delphinidae | DK2: Delphinidae | DL2: Delphinidae | DN2: Delphinidae | DO2: Delphinidae | DQ2: Delphinidae | DR2: Delphinidae | DS2: Delphinidae | DT2: Delphinidae | DU2: Delphinidae | DV2: Delphinidae | DW2: Delphinidae | DX2: Delphinidae | DY2: Delphinidae | DZ2: Delphinidae | EC2: Delphinidae | ED2: Delphinidae | EF2: Delphinidae | EH2: Delphinidae | EJ2: Delphinidae | EM2: Delphinidae | EP2: Delphinidae | EQ2: Delphinidae | ER2: Hominidae | ES2: Delphinidae | ET2: Delphinidae | EU2: Delphinidae | EV2: Delphinidae
G3: species | H3: Tursiops aduncus | I3: Pseudorca crassidens | J3: Stenella longirostris | K3: Tursiops truncatus | L3: Tursiops truncatus | M3: Tursiops truncatus | O3: Peponocephala electra | Q3: Tursiops aduncus | T3: Tursiops aduncus | U3: Tursiops aduncus | Y3: Tursiops truncatus | Z3: Stenella longirostris | AC3: Tursiops aduncus | AE3: Stenella longirostris | AF3: Stenella longirostris | AK3: Tursiops truncatus | AM3: Stenella longirostris | AO3: Tursiops aduncus | AP3: Tursiops truncatus | AQ3: Stenella longirostris | AS3: Tursiops truncatus | AU3: Stenella longirostris | AX3: Tursiops truncatus | AY3: Stenella longirostris | BH3: Stenella longirostris | BK3: Tursiops truncatus | BP3: Tursiops truncatus | BQ3: Stenella longirostris | BV3: Stenella longirostris | BX3: Tursiops australis | CG3: Tursiops truncatus | CQ3: Tursiops aduncus | CW3: Stenella longirostris | DE3: Tursiops truncatus | DI3: Stenella longirostris | DR3: Tursiops truncatus | DU3: Peponocephala electra | DZ3: Tursiops truncatus | EH3: Pseudorca crassidens
A4: Table S14. ASV matrix for Mu31F/Dc320R | G4: seq | H4: GCATTATTGCCCCATCAACATAAAGGTTTGGTCCTGGCCTTTCTATTAATTCTTAGCAGACTTACACATGCAAGCATCCGCATCCCAGTGAGAATGCCCTCCAAATCACTAAAGACTAAAAGGAGCGGGCATCAAGCACACTATACCAGTAGCTCATAACGCCTTGCTTAGCCACACCCCCACGGGATACAGCAGTGACAAGAATTAGGCTATGAGCGAAAGTTTGACCTAGCCATGCTAATTAGGGTTGGTAAATTTCGTGCCAGC | I4: GCATTATTGCCCCGTCAACATAAAGGTTTGGTCCTGGCCTTTCTATTAGTTCTTAGCAGATTTACACATGCAAGCATCCGCATCCCAGTGAGAATGCCCTCCGAATCATTAAAGACTAAGAGGAGCGGACATCAAGCACACTACACCAGTAGCTCATAACGCCTTGCTTAGCCACACCCCCACGGGATACAGCAGTGACGAAAATTAGGCTATGAACGAAAGTTTGACCTAGCCATGCTAATTAGGGTTGGTAAACTTCGTGCCAGC | J4: ACATTACTGCCCCATCAACATAAAGGTTTGGTCCTGGCCTTTCTATTAATTCTTAGCAGACTTACACATGCAAGCATCCGCATCCCAGTGAGAATGCCCTTCAAACCATTAAAGACTAAAAGGAGCGGGCATCAAGCACACTACACTAGTAGCTCAAAACGCCTTGCTTAGCCACACCCCCACGGGATACAGCAGTGACAAGAATTAGGCTATGAACGAAAGTTTGACCTAGTTATGCTGATTAGGGTTGGTAAATTTCGTGCCAGC | K4: GCATTATTGCCCCATCAACACAAAGGTTTGGTCCTGGCCTTTCTATTAGTTCTTAGCAGACTTACACATGCAAGCATCCGCATCCCAGTGAGAATGCCCTCCAAATCATTAAAGACTAAAAGGAGCGGGCATCAAGCACACTATACTAGTAGCTCATAACGCCTTGCTTAGCCACACCCCCACGGGATACAGCAGTGACAAGAATTAGGCTATGAACGAAAGTTTGACCTAGCCATGCTAATTAGGGTTGGTAAATTTCGTGCCAGC | L4: GCATTATTGCCCCATCAACACAAAGGTTTGGTCCTGGCCTTTCTATTAGTTCTTGGCAGACTTACACATGCAAGCATCCGCATCCCAGTGAGAATGCCCTCCAAATCATTAAAGACTAAAAGGAGCGGGCATCAAGCACACTATACTAGTAGCTCATAACGCCTTGCTTAGCCACACCCCCACGGGATACAGCAGTGACAAGAATTAGGCTATGAACGAAAGTTTGACCTAGCCATGCTAATTAGGGTTGGTAAATTTCGTGCCAGC | M4: GCATTATTGCCCCATCAACACAAAGGTTTGGTCCTGGCCTTTCTATTAGTTCTTGGCAGACTTACACATGCAAGCATCCGCATCCCAGTGAGAATGCCCTCCAAATCATTAAAGACTAAAAGGAGCGGGCATCAAGCACACTATACCAGTAGCTCATAACGCCTTGCTTAGCCACACCCCCACGGGATACAGCAGTGACAAGAATTAGGCTATGAACGAAAGTTTGACCTAGCCATGCTAATTAGGGTTGGTAAATTTCGTGCCAGC | N4: GCATTATTGCCCCGTCAACATAAAGGTTTGGTCCTGGCCTTTCTATTAGTTCTTAGCAGATTTACACATGCAAGCATCCGCATCCCAGTGAGAATGCCCTCCGAATCATTAAAGACTAAGAGGAGCGGACATCAAGCACACTACACCAGTAGCTCATAACGCCTTGCTTAGCCACACCCCCACGGGATACAGCAGTGACGAAAATTAGGCTATGAACGAAAGTTTGACCTAGCCATGCTAATTAGGGTTGGTAAATTTCGTGCCAGC | O4: CATTACTGCCCCATCAACATAAAGGTTTGGTCCTAGCCTTTCTATTAGTTCTTAGCAGATTTACACATGCAAGCATCCGCATCCCAGTGAAAATGCCCTCCAAATCACTAAAGACTAAAAGGAGCGGGCATCAAGCACACTACACCAGTAGCTCACAACGCCTTGCTTAGCCACACCCCCACGGGATACAGCAGTGACAAAAATTAGGCTATGAACGAAAGTTTGACCTAGCCATGCTAATCAGGGTTGGTAAACTTCGTGCCAGC | P4: GCATTATTGCCCCATCAACATAAAGGTTTGGTCCTGGCCTTTCTATTAATTCTTAGCAGACTTACACATGCAAGCATCCGCATCCCAGTGAGAATGCCCTCCAAATCACTAAAGACTAAAAGGAGCGGGCATCAAGCACACTACACCAGTAGCTCACAACGCCTTGCTTAGCCACACCCCCACGGGATACAGCAGTGACAAAAATTAGGCTATGAACGAAAGTTTGACCTAGCCATGCTAATCAGGGTTGGTAAACTTCGTGCCAGC | Q4: GCATTATTGCCCCATCAACATAAAGGTTTGGTCCTGGCCTTTCTATTAATTCTTAGCAGACTTACACATGCAAGCATCCGCATCCCAGTGAGAATGCCCTCCAAATCACTAAAGACTAAAAGGAGCGGGCATCAAGCACACTATACCAGTAGCTCATAACGCCTTGCTTAGCCACACCCCCACGGGATACAGCAGTGACAAGAATTAGGCTATGAACGAAAGTTTGACCTAGCCATGCTAATTAGGGTTGGTAAATTTCGTGCCAGC | R4: GCATTATTGCCCCATCAACACAAAGGTTTGGTCCTGGCCTTTCTATTAGTTCTTAGCAGACTTACACATGCAAGCATCCGCATCCCAGTGAGAATGCCCTCCAAATCACTAAAGACTAAAAGGAGCGGGCATCAAGCACACTATACCAGTAGCTCATAACGCCTTGCTTAGCCACACCCCCACGGGATACAGCAGTGACAAGAATTAGGCTATGAGCGAAAGTTTGACCTAGCCATGCTAATTAGGGTTGGTAAATTTCGTGCCAGC | S4: GCATTATTGCCCCGTCAACATAAAGGTTTGGTCCTGGCCTTTCTATTAGTTCTTAGCAGATTTACACATGCAAGCATCCGCATCCCAGTGAGAATGCCCTCCGAATCATTAAAGACTAAGAGGAGCGGACATCAAGCACACTACACCAGTAGCTCATAACGCCTTGCTTAGCCACACCCCCACGGGATACAGCAGTGACAAGAATTAGGCTATGAGCGAAAGTTTGACCTAGCCATGCTAATTAGGGTTGGTAAATTTCGTGCCAGC | T4: GCATTATTGCCCCGTCAACATAAAGGTTTGGTCCTGGCCTTTCTATTAATTCTTAGCAGACTTACACATGCAAGCATCCGCATCCCAGTGAGAATGCCCTCCAAATCACTAAAGACTAAAAGGAGCGGGCATCAAGCACACTATACCAGTAGCTCATAACGCCTTGCTTAGCCACACCCCCACGGGATACAGCAGTGACAAGAATTAGGCTATGAGCGAAAGTTTGACCTAGCCATGCTAATTAGGGTTGGTAAATTTCGTGCCAGC | U4: GCATTATTGCCCCATCAACATAAAGGTTTGGTCCTGGCCTTTCTATTAATTCTTAGCAGACTTACACATGCAAGCATCCGCATCCCAGTGAGAATGCCCTCCAAATCACTAAAGACTAAAAGGAGCGGGCATCAAGCACACTATACCAGTAGCTCATAACGCCTTGCTTAGCCACACCCCCACGGGATACAGCAGTGACAAGAATTAGGCTATGAGCGAAAGTTTGACCTAGCCATGCTAATTAGGGTTGGTAAACTTCGTGCCAGC | V4: GCATTATTGCCCCATCAACACAAAGGTTTGGTCCTGGCCTTTCTATTAGTTCTTAGCAGACTTACACATGCAAGCATCCGCATCCCAGTGAGAATGCCCTCCAAATCATTAAAGACTAAAAGGAGCGGGCATCAAGCACACTATACTAGTAGCTCATAACGCCTTGCTTAGCCACACCCCCACGGGATACAGCAGTGACAAGAATTAGGCTATGAACGAAAGTTTGACCTAACCATGCTAATTAGGGTTGGTAAATTTCGTGCCAGC | W4: GCATTATTGCCCCATCAACACAAAGGTTTGGTCCTGGCCTTTCTATTAATTCTTAGCAGACTTACACATGCAAGCATCCGCATCCCAGTGAGAATGCCCTCCAAATCACTAAAGACTAAAAGGAGCGGGCATCAAGCACACTATACCAGTAGCTCATAACGCCTTGCTTAGCCACACCCCCACGGGATACAGCAGTGACAAGAATTAGGCTATGAGCGAAAGTTTGACCTAGCCATGCTAATTAGGGTTGGTAAATTTCGTGCCAGC | X4: GCCTATCGCCCCATCAACACAAAGGTTTGGTCCTGGCCTTTCTATTAGTTCTTAGCAGCCTTACACATGCAAGCATCCGCATCCCAGTGAGAATGCCCTTCAAATCATAGAGACCAAAAGGAGCAGGCATCAAGCACACTACATTAGTAGCTCACAACGCCTTGCTTAGCCACACCCCCACGGGAGACAGCAGTGACAAAAATTAGGCTATGAACGAAAGTTTGACCTAGCCATGCTAATCAGGGTTGGTAAATTTCGTGCCAGC | Y4: GCATTATTGCCCCATCAACACAAAGGTTTGGTCCTGGCCTTTCTATTAGTTCTTAGCAGACTTACACATGCAAGCATCCGCATCCCAGTGAGAATGCCCTCCAAATCATTAAAGACTAAAAGGAGCGGGCATCAAGCACACTATACCAGTAGCTCATAACGCCTTGCTTAGCCACACCCCCACGGGATACAGCAGTGACAAGAATTAGGCTATGAGCGAAAGTTTGACCTAGCCATGCTAATTAGGGTTGGTAAATTTCGTGCCAGC | Z4: ACATTACTGCCCCATCAACATAAAGGTTTGGTCCTGGCCTTTCTATTAATTCTTAGCAGACTTACACATGCAAGCATCCGCATCCCAGTGAGAATGCCCTTCAAACCATTAAAGACTAAAAGGAGCGGGCATCAAGCACACTACACTAGTAGCTCATAACGCCTTGCTTAGCCACACCCCCACGGGATACAGCAGTGACAAGAATTAGGCTATGAACGAAAGTTTGACCTAGTTATGCTGATTAGGGTTGGTAAATTTCGTGCCAGC | AA4: GCATTATTGCCCCGTCAACATAAAGGTTTGGTCCTGGCCTTTCTATTAGTTCTTAGCAGACTTACACATGCAAGCATCCGCATCCCAGTGAGAATGCCCTCCAAATCACTAAAGACTAAAAGGAGCGGGCATCAAGCACACTATACCAGTAGCTCATAACGCCTTGCTTAGCCACACCCCCACGGGATACAGCAGTGACAAGAATTAGGCTATGAGCGAAAGTTTGACCTAGCCATGCTAATTAGGGTTGGTAAATTTCGTGCCAGC | AB4: GCATTATTGCCCCGTCAACATAAAGGTTTGGTCCTGGCCTTTCTATTAGTTCTTAGCAGATTTACACATGCAAGCATCCGCATCCCAGTGAGAATGCCCTCCGAATCATTAAAGACTAAAAGGAGCGGGCATCAAGCACACTATACTAGTAGCTCATAACGCCTTGCTTAGCCACACCCCCACGGGATACAGCAGTGACAAGAATTAGGCTATGAACGAAAGTTTGACCTAGCCATGCTAATTAGGGTTGGTAAACTTCGTGCCAGC | AC4: GCATTATTGCCCCATCAACATAAAGGTTTGGTCCTGGCCTTTCTATTAATTCTTAGCAGACTTACACATGCAAGCATCCGCATCCCAGTGAGAATGCCCTCCAAATCATTAAAGACTAAAAGGAGCGGGCATCAAGCACACTATACCAGTAGCTCATAACGCCTTGCTTAGCCACACCCCCACGGGATACAGCAGTGACAAGAATTAGGCTATGAGCGAAAGTTTGACCTAGCCATGCTAATTAGGGTTGGTAAATTTCGTGCCAGC | AD4: GCATTATTGCCCCATCAACATAAAGGTTTGGTCCTGGCCTTTCTATTAATTCTTAGCAGACTTACACATGCAAGCATCCGCATCCCAGTGAGAATGCCCTCCAAATCACTAAAGACTAAAAGGAGCGGGCATCAAGCACACTATACCAGTAGCTCATAACGCCTTGCTTAGCCACACCCCCACGGGATACAGCAGTGACGAAAATTAGGCTATGAACGAAAGTTTGACCTAGCCATGCTAATTAGGGTTGGTAAACTTCGTGCCAGC | AE4: GCATTATTGCCCCATCAACATAAAGGTTTGGTCCTGGCCTTTCTATTAATTCTTAGCAGACTTACACATGCAAGCATCCGCATCCCAGTGAGAATGCCCTTCAAACCATTAAAGACTAAAAGGAGCGGGCATCAAGCACACTACACTAGTAGCTCAAAACGCCTTGCTTAGCCACACCCCCACGGGATACAGCAGTGACAAGAATTAGGCTATGAACGAAAGTTTGACCTAGTTATGCTGATTAGGGTTGGTAAATTTCGTGCCAGC | AF4: GCATTATTGCCCCATCAACATAAAGGTTTGGTCCTGGCCTTTCTATTAATTCTTAGCAGACTTACACATGCAAGCATCCGCATCCCAGTGAGAATGCCCTCCAAATCACTAAAGACTAAAAGGAGCGGGCATCAAGCACACTATACTAGTAGCTCATAACGCCTTGCTTAGCCACACCCCCACGGGATACAGCAGTGACAAGAATTAGGCTATGAACGAAAGTTTGACCTAGCCATGCTAATTAGGGTTGGTAAATTTCGTGCCAGC | AG4: GCATTATTGCCCCATCAACATAAAGGTTTGGTCCTGGCCTTTCTATTAGTTCTTAGCAGACTTACACATGCAAGCATCCGCATCCCAGTGAGAATGCCCTCCAAATCATTAAAGACTAAAAGGAGCGGGCATCAAGCACACTACACTAGTAGCTCATAACGCCTTGCTTAGCCACACCCCCATGGGATACAGCAGTGACAAGAATTAGGCTATGAACGAAAGTTTGACCTAGCCATGCTAATTAGGGTTGGTAAATTTCGTGCCAGC | AH4: GCATTATTGCCCCATCAACATAAAGGTTTGGTCCTGGCCTTTCTATTAGTTCTTAGCAGACTTACACATGCAAGCATCCGCATCCCAGTGAGAATGCCCTCCAAATCACTAAAGACTAAAAGGAGCGGGCATCAAGCACACTATACCAGTAGCTCATAACGCCTTGCTTAGCCACACCCCCACGGGATACAGCAGTGACAAGAATTAGGCTATGAGCGAAAGTTTGACCTAGCCATGCTAATTAGGGTTGGTAAATTTCGTGCCAGC | AI4: GCTCGCCAGCCCCATCAACATAAAGGTTTGGTCCCAGCCTTTCTATTAATTCTTAACAGACTTACACATACAAGCATCCACATCCCGGTGAGAATGCCCTCCAAATCACAAGGATCAAAAGGAGCGGGTATCAAGCACGCTACACTAGCAGCTCACAACACCTTGCTTAGCCACACCCCCACGGGACACAACAGTGATAAAAATTAAGCCATGAACGAAAGTTTGACTAAGTCATGTTAACTAGGGTTGGTAAACTTCGAGCCAGC | AJ4: GCATTATTGCCCCATCAACACAAAGGTTTGGTCCTGGCCTTTCTATTAGTTCTTAGCAGACTTACACATGCAAGTATCCACATCCCAGTGAGAATGCCCTCCAAATCATTAAAGACTAAAAGGAGCGGGCATCAAACACACTACACTAGTAGCTCATAACGCCTTGCTTAGCCACACCCCCACGGGATACAGCAGTGACAAGAATTAGGCTATGAACGAAAGTTTGACCTAGCCATGCTAATTAGGGTTGGTAAATTTCGTGCCAGC | AK4: GCATTACTGCCCCATCAACACAAAGGTTTGGTCCTAGCCTTTCTATTAGTTCTTAGCAGACTTACACATGCAAGCATCCGCATCCCAGTGAGAATGCCCTCCAAATCATTAAAGACTAAAAGGAGCGGGTATCAAGCACACTACGCTAGTAGCTCATAACGCCTTGCTTAGCCACACCCCCACGGGATACAGCAGTGACAAGAATTAGGCTATGAACGAAAGTTTGACCTAGCCATGCTAACTAGGGTTGGTAAATTTCGTGCCAGC | AL4: GCATTACTGCCCCATCAACACAAAGGTTTGGTCCTAGCCTTTCTATTAGTTCTTAGCAGACTTACACATGCAAGCATCCGCATCCCAGTGAGAATGCCCTCCAAATCACTAAAGACTAAAAGGAGCGGGCATCAAGCACACTATACCAGTAGCTCATAACGCCTTGCTTAGCCACACCCCCACGGGATACAGCAGTGACAAGAATTAGGCTATGAGCGAAAGTTTGACCTAGCCATGCTAATTAGGGTTGGTAAATTTCGTGCCAGC | AM4: ACATTACTGCCCCATCAACATAAAGGTTTGGTCCTGGCCTTTCTATTAATTCTTAGCAGACTTACACATGCAAGCATCCGCATCCCAGTGAGAATGCCCTTCAAACCATTAAAGACTAAAAGGAGCGGGCATCAAGCACACTACACTAGTAGCTCAAAACGCCTTGCTTAGCCACACCCCCACGGGATACAGCAGTGACAAGAATTAGGCTATGAGCGAAAGTTTGACCTAGCCATGCTAATTAGGGTTGGTAAATTTCGTGCCAGC | AN4: GCATTATTGCCCCATCAACACAAAGGTTTGGTCCTGGCCTTTCTATTAGTTCTTGGCAGACTTACACATGCAAGCATCCGCATCCCAGTGAGAATGCCCTCCAAATCACTAAAGACTAAAAGGAGCGGGCATCAAGCACACTATACCAGTAGCTCATAACGCCTTGCTTAGCCACACCCCCACGGGATACAGCAGTGACAAGAATTAGGCTATGAGCGAAAGTTTGACCTAGCCATGCTAATTAGGGTTGGTAAATTTCGTGCCAGC | AO4: GCATTATTGCCCCATCAACATAAAGGTTTGGTCCTGGCCTTTCTATTAATTCTTAGCAGACTTACACATGCAAGCATCCGCATCCCAGTGAGAATGCCCTCCAAATCACTAAAGACTAAAAGGAGCGGGCATCAAGCACACTATACCAGTAGCTCATAACGCCTTGCTTAGCCACACCCCCACGGGATACAGCAGTGACAAGAATTAGGCTATGAACGAAAGTTTGACCTAGCCATGCTAACTAGGGTTGGTAAATTTCGTGCCAGC | AP4: GCATTATTGCCCCATCAACACAAAGGTTTGGTCCTGGCCTTTCTATTAGTTCTTAGCAGACTTACACATGCAAGCATCCGCATCCCAGTGAGAATGCCCTCCAAATCATTAAAGACTAAAAGGAGCGGGCATCAAACACACTACACTAGTAGCTCATAACGCCTTGCTTAGCCACACCCCCACGGGATACAGCAGTGACAAGAATTAGGCTATGAACGAAAGTTTGACCTAGCCATGCTAATTAGGGTTGGTAAATTTCGTGCCAGC | AQ4: ACATTACTGCCCCATCAACATAAAGGTTTGGTCCTGGCCTTTCTATTAATTCTTAGCAGACTTACACATGCAAGCATCCGCATCCCAGTGAGAATGCCCTTCAAACCATTAAAGACTAAAAGGAGCGGGCATCAAGCACACTACACTAGTAGCTCAAAACGCCTTGCTTAGCCACACCCCCACGGGATACAGCAGTGACAAGAATTAGGCTATGAACGAAAGTTTGACCTAGCTATGCTAATTAGGGTTGGTAAATTTCGTGCCAGC | AR4: GCATTATTGCCCCATCAACACAAAGGTTTGGTCCTGGCCTTTCTATTAGTTCTTAGCAGACTTACACATGCAAGTATCCGCATCCCAGTGAGAATGCCCTCCAAATCATTAAAGACTAAAAGGAGCGGGCATCAAACACACTACACTAGTAGCTCATAACGCCTTGCTTAGCCACACCCCCACGGGATACAGCAGTGACAAGAATTAGGCTATGAACGAAAGTTTGACCTAGCCATGCTAATTAGGGTTGGTAAATTTCGTGCCAGC | AS4: GCATTATTGCCCCATCAACACAAAGGTTTGGTCCTGGCCTTTCTATTAGTTCTTAGCAGACTTACACATGCAAGCATCCGCATCCCAGTGAGAATGCCCTCCAAATCATTAAAGGCTAAAAGGAGCGGGCATCAAGCACACTACACTAGTAGCTCATAACGCCTTGCTTAGCCACACCCCCACGGGATACAGCAGTGACAAGAATTAGGCTATGAACGAAAGTTTGACCTAGCCATGCTAATTAGGGTTGGTAAATTTCGTGCCAGC | AT4: ACATTACTGCCCCATCAACATAAAGGTTTGGTCCTGGCCTTTCTATTAATTCTTAGCAGACTTACACATGCAAGCATCCGCATCCCAGTGAGAATGCCCTTCAAACCATTAAAGACTAAAAGGAGCGGGCATCAAGCACACTATACCAGTAGCTCATAACGCCTTGCTTAGCCACACCCCCACGGGATACAGCAGTGACAAGAATTAGGCTATGAGCGAAAGTTTGACCTAGCCATGCTAATTAGGGTTGGTAAATTTCGTGCCAGC | AU4: ACATTACTGCCCCATCAACATAAAGGTTTGGTCCTGGCCTTTCTATTAATTCTTAGCAGACTTACACATGCAAGCATCCGCATCCCAGTGAGAATGCCCTCCAAATCACTAAAGACTAAAAGGAGCGGGCATCAAGCACACTACACTAGTAGCTCAAAACGCCTTGCTTAGCCACACCCCCACGGGATACAGCAGTGACAAGAATTAGGCTATGAACGAAAGTTTGACCTAGTTATGCTGATTAGGGTTGGTAAATTTCGTGCCAGC | AV4: GCATTATTGCCCCATCAACACAAAGGTTTGGTCCTGGCCTTTCTATTAGTTCTTAGCAGACTTACACATGCAAGCATCCGCATCCCAGTGAGAATGCCCTCCAAATCATTAAAGACTAAAAGGAGCGGGCATCAAGCACACTATACTAGTAGCTCATAACGCCTTGCTTAGCCACACCCCCACGGGATACAGCAGTGACAAGAATTAGGCTATGAGCGAAAGTTTGACCTAGCCATGCTAATTAGGGTTGGTAAATTTCGTGCCAGC | AW4: ACATTACTGCCCCATCAACATAAAGGTTTGGTCCTGGCCTTTCTATTAGTTCTTAGCAGACTTACACATGCAAGCATCCGCATCCCAGTGAGAATGCCCTCCAAATCATTAAAGACTAAAAGGAGCGGGCATCAAGCACACTACACTAGTAGCTCAAAACGCCTTGCTTAGCCACACCCCCACGGGATACAGCAGTGACAAGAATTAGGCTATGAACGAAAGTTTGACCTAGTTATGCTGATTAGGGTTGGTAAATTTCGTGCCAGC | AX4: GCATTATTGCCCCATCAACACAAAGGTTTGGTCCTGGCCTTTCTATTAGTTCTTAGCAGACTTACACATGCAAGCATCCGCATCCCAGTGAGAATGCCCTTCAAACCATTAAAGACTAAAAGGAGCGGGCATCAAGCACACTACACTAGTAGCTCAAAACGCCTTGCTTAGCCACACCCCCACGGGATACAGCAGTGACAAGAATTAGGCTATGAACGAAAGTTTGACCTAGTTATGCTGATTAGGGTTGGTAAATTTCGTGCCAGC | AY4: ACATTACTGCCCCATCAACATAAAGGTTTGGTCCTGGCCTTTCTATTAATTCTTAGCAGACTTACACATGCAAGCATCCGCATCCCAGTGAGAATGCCCTCCAAATCATTAAAGACTAAAAGGAGCGGGCATCAAGCACACTACACTAGTAGCTCAAAACGCCTTGCTTAGCCACACCCCCACGGGATACAGCAGTGACAAGAATTAGGCTATGAACGAAAGTTTGACCTAGTTATGCTGATTAGGGTTGGTAAATTTCGTGCCAGC | AZ4: GCTCGCCAGCCCCATCAACATAAAGGTTTGGTCCCAGCCTTTCTATTAATTCTTAACAGACTTACACATGCAAGCATCCACACCCGGTGAGAATGCCCTCCAAATCATAAAGAGCACAAGGAGCGGGTAGCAAGCACACTGCACTAGCAGCTCACGACACCTTGCTTAGCCACACCCCCACGGGACACAGCAGTGATTAAAATTAAGCCATGAACGAAAGTTTGACTAAGTTATGTTAGCTAGTTGGTAAACTTCGTGCCAGC | BA4: GCATTATTGCCCCATCAACACAAAGGTTTGGTCCTGGCCTTTCTATTAATTCTTAGCAGACTTACACATGCAAGCATCCGCATCCCAGTGAGAATGCCCTTCAAACCATTAAAGACTAAAAGGAGCGGGCATCAAGCACACTACACTAGTAGCTCAAAACGCCTTGCTTAGCCACACCCCCACGGGATACAGCAGTGACAAGAATTAGGCTATGAACGAAAGTTTGACCTAGTTATGCTGATTAGGGTTGGTAAATTTCGTGCCAGC | BB4: GCTCGCCAGCCCCATCAACATAAAGGTTTGGTCCCAGCCTTTCTATTAATTCTTAACAGACTTACACATGCAAGCATCCACACCCGGTGAGAATGCCCTCCAAATCATAAAGAGCACAAGGAGCGGGTAGCAAGCACACTGCACTAGCAGCTCACGACACCTTGCTTAGCCACACCCCCACGGGACACAGCAGTGATAAAAATTAAGCCATGAACGAAAGTTTGACTAAGTTATGTTAGCTAGTTGGTAAACTTCGTGCCAGC | BC4: CATTACTGCCCCATCAACATAAAGGTTTGGTCCTGGCCTTTCTATTAATTCTTAGCAGACTTACACATGCAAGCATCCGCATCCCAGTGAGAATGCCCTCCAAATCACTAAAGACTAAAAGGAGCGGGCATCAAGCACACTATACCAGTAGCTCATAACGCCTTGCTTAGCCACACCCCCACGGGATACAGCAGTGACAAGAATTAGGCTATGAACGAAAGTTTGACCTAGTTATGCTGATTAGGGTTGGTAAATTTCGTGCCAGC | BD4: ACATTATTGCCCCATCAACATAAAGGTTTGGTCCTGGCCTTTCTATTAGTTCTTAGCAGACTTACACATGCAAGCATCCGCATCCCAGTGAGAATGCCCTCCAAATCATTAAAGACTAAGAGGAGCGGGCATCAAGCACACTACACTAGTAGCTCATAACGCCTTGCTTAGCCACACCCCCACGGGATACAGCAGTGACAAGAATTAGGCTATGAACGAAAGTTTGACCTAGCTATGCTAATTAGGGTTGGTAAATTTCGTGCCAGC | BE4: ACATTATTGCCCCATCAACATAAAGGTTTGGTCCTGGCCTTTCTATTAGTTCTTAGCAGACTTACACATGCAAGCATCCGCATCCCAGTGAGAATGCCCTCCAAATCATTAAAGACTAAGAGGAGCGGGCATCAAGCACACTACACTAGTAGCTCATAACGCCTTGCTTAGCCACACCCCCACGGGATACAGCAGTGACAAGAATTAGGCTATGAACGAAAGTTTGACCTAGTTATGCTGATTAGGGTTGGTAAATTTCGTGCCAGC | BF4: GCATTATTGCCCCATCAACATAAAGGTTTGGTCCTGGCCTTTCTATTAATTCTTAGCAGACTTACACATGCAAGCATCCGCATCCCAGTGAGAATGCCCTCCAAATCACTAAAGACTAAAAGGAGCGGGTATCAAGCACACTACGCTAGTAGCTCATAACGCCTTGCTTAGCCACACCCCCACGGGATACAGCAGTGACAAGAATTAGGCTATGAACGAAAGTTTGACCTAGCCATGCTAACTAGGGTTGGTAAATTTCGTGCCAGC | BG4: GCATTATTGCCCCATCAACATAAAGGTTTGGTCCTGGCCTTTCTATTAGTTCTTAGCAGACTTACACATGCAAGCATCCACATCCCAGTGAGAATGCCCTCCAAATCATTAAAGACTAAAAGGAGCGGGCATCAAGCACACTACACTAGTAGCTCACAACGCCTTGCTTAGCCACACCCCCACGGGATACAGCAGTGACAAAAATTAGGCTATGAACGAAAGTTTGACCTAGCCATGCTAATTAGGGTTGGTAAATTTCGTGCCAGC | BH4: ACATTACTGCCCCATCAACATAAAGGTTTGGTCCTGGCCTTTCTATTAATTCTTAGCAGACTTACACATGCAAGCATCCGCATCCCAGTGAGAATGCCCTTCAAACCATTAAAGACTAAAAGGAGCGGGCATCAAGCACACTACACTAGTAGCTCACAACGCCTTGCTTAGCCACACCCCCACGGGATACAGCAGTGACAAGAATTAGGCTATGAACGAAAGTTTGACCTAGCCATGCTAATTAGGGTTGGTAAATTTCGTGCCAGC | BI4: GCATTACTGCCCCATCAACACAAAGGTTTGGTCCTAGCCTTTCTATTAGTTCTTAGCAGATTTACACATGCAAGCATCCGCATCCCAGTGAGAATGCCCTCCGAATCATTAAAGACTAAGAGGAGCGGACATCAAGCACACTACACCAGTAGCTCATAACGCCTTGCTTAGCCACACCCCCACGGGATACAGCAGTGACGAAAATTAGGCTATGAACGAAAGTTTGACCTAGCCATGCTAATTAGGGTTGGTAAACTTCGTGCCAGC | BJ4: ACATTATTGCCCCATCAACATAAAGGTTTGGTCCTGGCCTTTCTATTAGTTCTTAGCAGACTTACACATGCAAGCATCCGCATCCCAGTGAGAATGCCCTTCAAACCATTAAAGACTAAAAGGAGCGGGCATCAAGCACACTACACTAGTAGCTCAAAACGCCTTGCTTAGCCACACCCCCACGGGATACAGCAGTGACAAGAATTAGGCTATGAACGAAAGTTTGACCTAGTTATGCTGATTAGGGTTGGTAAATTTCGTGCCAGC | BK4: GCATTACTGCCCCATCAACACAAAGGTTTGGTCCTAGCCTTTCTATTAGTTCTTAGCAGACTTACACATGCAAGCATCCGCATCCCAGTGAGAATGCCCTTCAAACCATTAAAGACTAAAAGGAGCGGGCATCAAGCACACTACACTAGTAGCTCAAAACGCCTTGCTTAGCCACACCCCCACGGGATACAGCAGTGACAAGAATTAGGCTATGAACGAAAGTTTGACCTAGTTATGCTGATTAGGGTTGGTAAATTTCGTGCCAGC | BL4: GCATTATTGCCCCATCAACATAAAGGTTTGGTCCTGGCCTTTCTATTAATTCTTAGCAGACTTACACATGCAAGCATCCGCATCCCAGTGAGAATGCCCTCCAAATCACTAAAGACTAAAAGGAGCGGGCATCAAACACACTACACTAGTAGCTCATAACGCCTTGCTTAGCCACACCCCCACGGGATACAGCAGTGACAAGAATTAGGCTATGAACGAAAGTTTGACCTAGCCATGCTAATTAGGGTTGGTAAATTTCGTGCCAGC | BM4: GCTCACTAGCCCCATAAACTTAACGGTTTGGTCCCAGCCTTTCTATTAGTTTTTAATAGAATCACTAAGATTAAAAGGAGCAGGTATCAAGCATGCTACACCAGCAGCTCACAACACCCTGCTTAACCACACCCCCATGGGAGACAGCAGGGATAAAAATTAAGCCATAAATGGAAGTTTGACTAAGCCATATTAATCTGGTTTGGTAAATTTCGTGCCAGC | BN4: GCTCGCCAGCCCCATCAACATAAAGGTTTGGTCCCAGCCTTTCTATTAATTCTTAACAGACTTACACATGCAAGCATCCACACCCCGGTGAGAATGCCCCCCAAATCATAAAGATCAAAAGGAGCGGGTAGCAAGCACACTGCACTAGCCGCTCACGACACCTTGCTTAGCCACACCCCCACGGGACACAGCAGTGATAAAAATTAAGCCATGAACGAAAGTTTGACTAAGTTATGTTAGCTAGGGTTGGTAAACTTCGTGCCAGC | BO4: GCTCACTAGCCCCATAAACATAACGGTTTGGGCCCAGCCTTTCTATTAGTTTTTCATAGAATTACACATGCAAGTATCCGCACTCCGGTGAGAATACCCTCTAAATCACTAAGATTAAAAGGAGCAGGTATCAAGCATGCTACACCAGCAGCTCACAACACCTTGCTTAACCACACCCCCATGGGAGACAGCAGGGATAAAAATTAAGCCATAAATGGAAGTTTGACTAAGCCATATTAATCTGGTTTGGTAAATTTCGTGCCAGC | BP4: GCATTACTGCCCCATCAACACAAAGGTTTGGTCCTAGCCTTTCTATTAGTTCTTAGCAGACTTACACATGCAAGCATCCGCATCCCAGTGAGAATGCCCTCCAAATCATTAAAGACTAAAAGGAGCGGGTATCAAGCACACTACACTAGTAGCTCATAACGCCTTGCTTAGCCACACCCCCACGGGATACAGCAGTGACAAGAATTAGGCTATGAACGAAAGTTTGACCTAGCCATGCTAACTAGGGTTGGTAAATTTCGTGCCAGC | BQ4: ACATTACTGCCCCATCAACATAAAGGTTTGGTCCTGGCCTTTCTATTAATTCTTAGCAGACTTACACATGCAAGCATCCGCATCCCAGTGAGAATGCCCTTCAAACCATTAAAGACTAAAAGGAGCGGGCATCAAGCACACTACACTAGTAGCTCAAAACGCCTTGCTTAGCCACACCCCCACGGGATACAGCAGTGACAAGAATTAGGCTATGAACGAAAGTTTGACCTAGCCATGCTAACTAGGGTTGGTAAATTTCGTGCCAGC | BR4: GCATTACTGCCCCATCAACACAAAGGTTTGGTCCTAGCCTTTCTATTAGTTCTTAGCAGACTTACACATGCAAGCATCCGCATCCCAGTGAGAATGCCCTCCAAATCATTAAAGACTAAAAGGAGCGGGTATCAAGCACACTACGCTAGTAGCTCATAACGCCTTGCTTAGCCACACCCCCACGGGATACAGCAGTGACAAGAATTAGGCTATGAACGAAAGTTTGACCTAGTTATGCTGATTAGGGTTGGTAAATTTCGTGCCAGC | BS4: GCATTATTGCCCCATCAACATAAAGGTTTGGTCCTGGCCTTTCTATTAGTTCTTAGCAGACTTACACATGCAAGCATCCGCATCCCAGTGAGAATGCCCTCCAAATCATTAAAGACTAAAAGGAGCGGGCATCAAGCACACTACACTAGTAGCTCACAACGCCTTGCTTAGCCACACCCCCACGGGATACAGCAGTGACAAGAATTAGGCTATGAACGAAAGTTTGACCTAGCCATGCTAATTAGGGTTGGTAAATTTCGTGCCAGC | BT4: GCATTATTGCCCCATCAACATAAAGGTTTGGTCCTGGCCTTTCTATTAATTCTTAGCAGACTTACACATGCAAGCATCCGCATCCCAGTGAGAATGCCCTCCAAATCATTAAAGACTAAAAGGAGCGGGTATCAAGCACACTACGCTAGTAGCTCATAACGCCTTGCTTAGCCACACCCCCACGGGATACAGCAGTGACAAGAATTAGGCTATGAACGAAAGTTTGACCTAGCCATGCTAACTAGGGTTGGTAAATTTCGTGCCAGC | BU4: GCATTATTGCCCCGTCAACATAAAGGTTTGGTCCTGGCCTTTCTATTAATTCTTAGCAGACTTACACATGCAAGCATCCGCATCCCAGTGAGAATGCCCTTCAAACCATTAAAGACTAAAAGGAGCGGGCATCAAGCACACTACACTAGTAGCTCAAAACGCCTTGCTTAGCCACACCCCCACGGGATACAGCAGTGACAAGAATTAGGCTATGAACGAAAGTTTGACCTAGTTATGCTGATTAGGGTTGGTAAATTTCGTGCCAGC | BV4: ACATTACTGCCCCATCAACATAAAGGTTTGGTCCTGGCCTTTCTATTAATTCTTAGCAGACTTACACATGCAAGCATCCGCATCCCAGTGAGAATGCCCTTCAAACCATTAAAGACTAAAAGGAGCGGGCATCAAGCACACTACACTAGTAGCTCATAACGCCTTGCTTAGCCACACCCCCACGGGATACAGCAGTGACAAGAATTAGGCTATGAACGAAAGTTTGACCTAGCCATGCTAATTAGGGTTGGTAAATTTCGTGCCAGC | BW4: GCATTACTGCCCCATCAACACAAAGGTTTGGTCCTAGCCTTTCTATTAGTTCTTAGCAGACTTACACATGCAAGCATCCGCATCCCAGTGAGAATGCCCTCCAAATCATTAAAGACTAAAAGGAGCGGGTATCAAGCACACTACGCTAGTAGCTCATAACGCCTTGCTTAGCCACACCCCCACGGGATACAGCAGTGACAAGAATTAGGCTATGAACGAAAGTTTGACCTAGCCATGCTAATTAGGGTTGGTAAATTTCGTGCCAGC | BX4: GCATTATTGCCCCGTCAACATAAAGGTTTGGTCCTGGCCTTTCTATTAGTTCTTAGCAGACTTACACATGCAAGCATCCGCATCCCAGTGAGAATGCCCTCCAAATCATTAAAGACTAAAAGGAGCGGGCATCAAGCACACTACACTAGTAGCTCATAACGCCTTGCTTAGCCACACCCCCACGGGATACAGCAGTGACAAGAATTAGGCTATGAACGAAAGTTTGACCTAGCCATGCTAATTAGGGTTGGTAAACTTCGTGCCAGC | BY4: GCATTATTGCCCCATCAACACAAAGGTTTGGTCCTGGCCTTTCTATTAGTTCTTAGCAGACTTACACATGCAAGCATCCGCATCCCAGTGAGAATGCCCTCCAAATCATTAAAGACTAAAAGGAGCGGGCATCAAGCACACTACACTAGTAGCTCAAAACGCCTTGCTTAGCCACACCCCCACGGGATACAGCAGTGACAAGAATTAGGCTATGAACGAAAGTTTGACCTAGTTATGCTGATTAGGGTTGGTAAATTTCGTGCCAGC | BZ4: GCATTACTGCCCCATCAACACAAAGGTTTGGTCCTAGCCTTTCTATTAGTTCTTAGCAGACTTACACATGCAAGCATCCGCATCCCAGTGAGAACGCCCTTCAAATCATTAAGACTAAAAGGAGCGGGTATCAAGCACGCTACGCTAGTAGCTCATAACGCCTTGCTTAGCCACACCCCCACGGGATACAGCAGTGACAAGAATTAGGCTATGAACGGAAGTTTGACCTAGCCATGCTAACTAGGGTTGGTAAATTTCGTGCCAGC | CA4: GCTCACTAGCCCCATAAACATAACGGTTTGGTCCCAGCCTTTCTATTAGTTTTTAATAGAATTACACATGCAAGTATCTGCACTCCGGTGAGAATGCCCTCCAAATCACTAAGATTGAAAGGAGCAGGTATCAAGCATGCTACACCAGCAGCTCACAACACCTTGCTTAACCACACCCCCATGGGAGACAGCAGGGATAAAAATTAAGCCATAAATGGAAGTTTGACTAAGCCATATTAATCTGGTTTGGTAAATTTCGTGCCAGC | CB4: ACATTACTGCCCCATCAACATAAAGGTTTGGTCCTGGCCTTTCTATTAATTCTTAGCAGACTTACACATGCAAGCATCCGCATCCCAGTGAGAATGCCCTTCAAACCATTAAAGACTAAAAGGAGCGGGCATCAAGCACACTACACCAGTAGCTCACAACGCCTTGCTTAGCCACACCCCCACGGGATACAGCAGTGACAAAAATTAGGCTATGAACGAAAGTTTGACCTAGCCATGCTAATCAGGGTTGGTAAACTTCGTGCCAGC | CC4: GCATTATTGCCCCATCAACATAAAGGTTTGGTCCTGGCCTTTCTATTAGTTCTTAGCAGACTTACACATGCAAGCATCCGCATCCCAGTGAGAATGCCCTCCAAATCATTAAAGACTAAAAGGAGCGGGCATCAAGCACACTACACTAGTAGCTCAAAACGCCTTGCTTAGCCACACCCCCACGGGATACAGCAGTGACAAGAATTAGGCTATGAACGAAAGTTTGACCTAGTTATGCTGATTAGGGTTGGTAAATTTCGTGCCAGC | CD4: GCTCGCCAGCCCCATCAACATAAAGGTTTGGTCCCAGCCTTTCTATTAATTCTTAACAGACTTACACATTACAAGCATCCACATCCCGGTGAGAATGTCCTCCAAATCACAAAGATCAAAAGGAGCAGGTATCAAGCACGCTACTCTAGCAGCTCACAACACCTTGCTTAGCCACACCCCCACGGGACACAGCAGTGATAAAAATTAAGCCATGAACAAAATTTTGACTAAGTCATGTTAACTAGGGTTGGTAAACTTCGAGCCAGC | CE4: GCTCGCCAGCCCCATCAACATAAAGGTTTGGTCCCAGCCTTTCTATTAATTCTTAGCAGACTTACACATGCAAGCATCCGCATCCCAGTGAGAATGCCCTTCAAACCATTAAAGACTAAAAGGAGCGGGCATCAAGCACACTACACTAGTAGCTCAAAACGCCTTGCTTAGCCACACCCCCACGGGATACAGCAGTGACAAGAATTAGGCTATGAACGAAAGTTTGACCTAGTTATGCTGATTAGGGTTGGTAAATTTCGTGCCAGC | CF4: GCATTATTGCCCCGTCAACATAAAGGTTTGGTCCTGGCCTTTCTATTAGTTCTTAGCAGATTTACACATGCAAGCATCCGCATCCCAGTGAGAATGCCCTCCGAATCATTAAAGACTAAGAGGAGCGGACATCAAGCACACTACACCAGTAGCTCATAACGCCTTGCTTAGCCACACCCCCACGGGATACAGCAGTGACAAGAATTAGGCTATGAACGAAAGTTTGACCTAGTTATGCTGATTAGGGTTGGTAAATTTCGTGCCAGC | CG4: GCATTATTGCCCCATCAACACAAAGGTTTGGTCCTGGCCTTTCTATTAGTTCTTAGCAGACTTACACATGCAAGCATCCGCATCCCAGTGAGAATGCCCTCCAAATCATTAAAGACTAAAAGGAGCGGGCATCAAGCACACTACACTAGTAGCTCATAACGCCTTGCTTAGCCACACCCCCAGGGGATACAGCAGTGACAAGAATTAGGCTATGAACGAAAGTTTGACCTAGCCATGCTAATTAGGGTTGGTAAATTTCGTGCCAGC | CH4: GCATTACTGCCCCATCAACACAAAGGTTTGGTCCTAGCCTTTCTATTAGTTCTTAGCAGACTTACACATGCAAGCATCCGCATCCCAGTGAGAATGCCCTCCAAATCATTAAAGACTAAAAGGAGCGGGCATCAAGCACACTATACTAGTAGCTCATAACGCCTTGCTTAGCCACACCCCCACGGGATACAGCAGTGACAAGAATTAGGCTATGAACGAAAGTTTGACCTAGCCATGCTAATTAGGGTTGGTAAATTTCGTGCCAGC | CI4: GCTCGCCAGCCCCATCAACATAAAGGTTTGGTCCCAGCCTTTCTATTAATTCTTAACAGACTTACACATACAAGCATCCACATCCCGGTGAGAATGCCCTCCAAATCACAAGGATCAAAAGGAGCGGGTATCAAGCACGCTACACTAGCAGCTCACAACACCTTGCTTAGCCACACCCCCACGGGATACAGCAGTGACAAGAATTAGGCTATGAGCGAAAGTTTGACCTAGCCATGCTAATTAGGGTTGGTAAATTTCGTGCCAGC | CJ4: GCATTATTGCCCCATCAACACAAAGGTTTGGTCCTGGCCTTTCTATTAGTTCTTAGCAGACTTACACATGCAAGCATCCGCATCCCAGTGAGAATGCCCTCCAAATCATTAAAGACTAAAAGGAGCGGGTATCAAGCACACTACGCTAGTAGCTCATAACGCCTTGCTTAGCCACACCCCCACGGGATACAGCAGTGACAAGAATTAGGCTATGAACGAAAGTTTGACCTAGCCATGCTAATTAGGGTTGGTAAATTTCGTGCCAGC | CK4: GCATTATTGCCCCATCAACATAAAGGTTTGGTCCTGGCCTTTCTATTAATTCTTAGCAGACTTACACATACAAGCATCCACATCCCGGTGAGAATGCCCTCCAAATCACAAGGATCAAAAGGAGCGGGTATCAAGCACGCTACACTAGCAGCTCACAACACCTTGCTTAGCCACACCCCCACGGGACACAACAGTGATAAAAATTAAGCCATGAACGAAAGTTTGACTAAGTCATGTTAACTAGGGTTGGTAAACTTCGAGCCAGC | CL4: GCTTCGCCAGCCCCATCAACATAAAGGTTTGGTCCCAGCCTTTCTATTAATTCTTAACAGACTTACACATTACAAGCATCCACATCCCGGTGAGAATGTCCTCCAAATCACAAAGATCAAAAGGAGCGGGTATCAAGCACGCTACTCTAGCAGCTCACAACACCTTGCTTAGCCACACCCCCACGGGACACAGCAGTGATAAAAATTAAGCCATGAACAAAAGTTTGACTAAGTCATGTTAACTAGGGTTGGTAAACTTCGAGCCAGC | CM4: GCATTATTGCCCCATCAACACAAAGGTTTGGTCCTGGCCTTTCTATTAGTTCTTAGCAGACTTACACATGCAAGCATCCGCATCCCAGTGAGAATGCCCTCCAAATCATTAAAGACTAAAAGGAGCGGGCATCAAGCACACTACACTAGTAGCTCATAACGCCTTGCTTAGCCACACCCCCACGGGATACAGCAGTGACAAGAATTAGGCTATGAACGAAAGTTTGACCTAGTTATGCTGATTAGGGTTGGTAAATTTCGTGCCAGC | CN4: GCATTATTGCCCCATCAACACAAAGGTTTGGTCCTGGCCTTTCTATTAGTTCTTAGCAGACTTACACATGCAAGCATCCGCATCCCAGTGAGAATGCCCTCCAAATCATTAAAGACTAAAAGGAGCGGGTATCAAGCACACTACGCTAGTAGCTCATAACGCCTTGCTTAGCCACACCCCCACGGGATACAGCAGTGACAAGAATTAGGCTATGAACGAAAGTTTGACCTAGCCATGCTAACTAGGGTTGGTAAATTTCGTGCCAGC | CO4: GCATTATTGCCCCATCAACATAAAGGTTTGGTCCTGGCCTTTCTATTAGTTCTTAGCAGACTTACACATGCAAGCATCCGCATCCCAGTGAGAATGCCCTCCAAATCATTAAAGACTAAAAGGAGCGGGCATCAAGCACACTACACTAGTAGCTCACAACGCCTTGCTTAGCCACACCCCCACGGGATACAGCAGTGACAAGAATTAGGCTATGAACGAAAGTTTGACCTAGTTATGCTGATTAGGGTTGGTAAATTTCGTGCCAGC | CP4: ACATTACTGCCCCATCAACATAAAGGTTTGGTCCTGGCCTTTCTATTAATTCTTAGCAGACTTACACATGCAAGCATCCGCATCCCAGTGAGAATGCCCTTCAAACCATTAAAGACTAAAAGGAGCGGGCATCAAGCACACTACACTAGTAGCTCAAAACGCCTTGCTTAGCCACACCCCCACGGGATACAGCAGTGACAAGAATTAGGCTATGAACGAAAGTTTGACCTAGCCATGCTAATCAGGGTTGGTAAACTTCGTGCCAGC | CQ4: ACATTACTGCCCCATCAACATAAAGGTTTGGTCCTGGCCTTTCTATTAATTCTTAGCAGACTTACACATGCAAGCATCCGCATCCCAGTGAGAATGCCCTCCAAATCACTAAAGACTAAAAGGAGCGGGCATCAAGCACACTATACCAGTAGCTCATAACGCCTTGCTTAGCCACACCCCCACGGGATACAGCAGTGACAAGAATTAGGCTATGAGCGAAAGTTTGACCTAGCCATGCTAATTAGGGTTGGTAAATTTCGTGCCAGC | CR4: GCATTATTGCCCCATCAACATAAAGGTTTGGTCCTGGCCTTTCTATTAATTCTTAGCAGACTTACACATGCAAGCATCCGCATCCCAGTGAGAATGCCCTCCAAATCACTAAAGACTAAAAGGAGCGGGCATCAAGCACACTATACCAGTAGCTCATAACGCCTTGCTTAGCCACACCCCCACGGGATACAGCAGTGACAAGAATTAGGCTATGAACGAAAGTTTGACCTAGTTATGCTGATTAGGGTTGGTAAATTTCGTGCCAGC | CS4: CATTACTGCCCCATCAACATAAAGGTTTGGTCCTAGCCTTTCTATTAGTTCTTAGCAGATTTACACATGCAAGCATCCGCATCCCAGTGAAAATGCCCTCCAAATCACTAAAGACTAAAAGGAGCGGGCATCAAGCACACTACACCAGTAGCTCACAACGCCTTGCTTAGCCACACCCCCACGGGATACAGCAGTGACAAGAATTAGGCTATGAACGAAAGTTTGACCTAGTTATGCTGATTAGGGTTGGTAAATTTCGTGCCAGC | CT4: GCTCGCTAGCCCCATGAACATACAGGTTTGGTCCCAGCCTTTTTGTTAGTTTTTAATAGAATTACACATGCAAATATCCGCACTCCGGTGAGAATGCCTTCTAAATCACTAAGATTAAAAGGAGCAGGTATCAAGCATGCTGTACCAGCAGCTCACAACTCCTTGCTCAACCACACCCCCACGGGAGACAGCAGTGATAAGAATTAAGCCATAAACAAAAGTTCAACTAAGTCATATTAATAAGGGTTGGTAAATTTCATGCCAGC | CU4: ACATTACTGCCCCATCAACATAAAGGTTTGGTCCTGGCCTTTCTATTAATTCTTAGCAGACTTACACATGCAAGCATCCGCATCCCAGTGAGAATGCCCTCCAAATCACTAAAGACTAAAAGGAGCGGGCATCAAGCACACTATACCAGTAGCTCATAACGCCTTGCTTAGCCACACCCCCACGGGATACAGCAGTGACAAGAATTAGGCTATGAACGAAAGTTTGACCTAGTTATGCTGATTAGGGTTGGTAAATTTCGTGCCAGC | CV4: GCATTATTGCCCCGTCAACATAAAGGTTTGGTCCTGGCCTTTCTATTAGTTCTTAGCAGATTTACACATGCAAGCATCCGCATCCCAGTGAGAATGCCCTCCGAATCATTAAAGACTAAGAGGAGCGGACATCAAGCACACTACACCAGTAGCTCATAACGCCTTGCTTAGCCACACCCCCACGGGATACAGCAGTGACAAGAATTAGGCTATGAACGAAAGTTTGACCTAGCCATGCTAACTAGGGTTGGTAAATTTCGTGCCAGG | CW4: ACATTACTGCCCCATCAACATAAAGGTTTGGTCCTGGCCTTTCTATTAATTCTTAGCAGACTTACACATGCAAGCATCCGCATCCCAGTGAGAATGCCCTTCAAACCATTAAAGACTAAGAGGAGCGGGCATCAAGCACACTACACTAGTAGCTCATAACGCCTTGCTTAGCCACACCCCCACGGGATACAGCAGTGACAAGAATTAGGCTATGAACGAAAGTTTGACCTAGTTATGCTGATTAGGGTTGGTAAATTTCGTGCCAGC | CX4: GCTCGCCAGCCCCATCAACATAAAGGTTTGGTCCCAGCCTTTCTATTAATTCTTAACAGACTTACACATACAAGCATCCACATCCCGGTGAGAATGCCCTCCAAATCACAAGGATCAAAAGGAGCGGGTATCAAGCACGCTACACTAGCAGCTCACAACACCTTGCTTAGCCACACCCCCACGGGACACAGCAGTGATAAAAATTAAGCCATGAACGAAAGTTTGACTAAGTCATGTTAACTAGGGTTGGTAAACTTCGAGCCAGC | CY4: GCATTACTGCCCCATCAACACAAAGGTTTGGTCCTAGCCTTTCTATTAGTTCTTAGCAGACTTACACATGCAAGCATCCGCATCCCAGTGAGAACGCCCTTCAAATCATTAAGACTAAAAGGAGCGGGTATCAAGCACGCTACGCTAGTAGCTCATAACGCCTTGCTTAGCCACACCCCCACGGGATACAGCAGTGACAAGAATTAGGCTATGAGCGAAAGTTTGACCTAGCCATGCTAATTAGGGTTGGTAAATTTCGTGCCAGC | CZ4: GCTCGCCAGCCCCATCAACATAAAGGTTTGGTCCCAGCCTTTCTATTAATTCTTAACAGACTTACACATGCAAGCATCCACACCCGGTGAGAATGCCCTCCAAATCATAAAGAGCACAAGGAGCGGGTAGCAAGCACACTGCACTAGCAGCTCACGACACCTTGCTTAGCCACACCCCCACGGGATACAGCAGTGACAAGAATTAGGCTATGAGCGAAAGTTTGACCTAGCCATGCTAATTAGGGTTGGTAAATTTCGTGCCAGC | DA4: GCATTATTGCCCCATCAACATAAAGGTTTGGTCCTGGCCTTTCTATTAATTCTTAGCAGACTTACACATACAAGCATCCACATCCCGGTGAGAATGCCCTCCAAATCACAAGGATCAAAAGGAGCGGGTATCAAGCACGCTACACTAGCAGCTCACAACACCTTGCTTAGCCACACCCCCACGGGATACAGCAGTGACAAGAATTAGGCTATGAGCGAAAGTTTGACCTAGCCATGCTAATTAGGGTTGGTAAATTTCGTGCCAGC | DB4: ACATTACTGCCCCATCAACATAAAGGTTTGGTCCTGGCCTTTCTATTAATTCTTAGCAGACTTACACATGCAAGCATCCGCATCCCAGTGAGAATGCCCTTCAAACCATTAAAGACTAAAAGGAGCGGGCATCAAGCACACTACACCAGTAGCTCACAACGCCTTGCTTAGCCACACCCCCACGGGATACAGCAGTGACAAGAATTAGGCTATGAACGAAAGTTTGACCTAGTTATGCTGATTAGGGTTGGTAAATTTCGTGCCAGC | DC4: GCATTATTGCCCCGTCAACATAAAGGTTTGGTCCTGGCCTTTCTATTAGTTCTTAGCAGACTTACACATGCAAGCATCCGCATCCCAGTGAGAATGCCCTCCAAATCATTAAAGACTAAAAGGAGCGGGTATCAAGCACACTACGCTAGTAGCTCATAACGCCTTGCTTAGCCACACCCCCACGGGATACAGCAGTGACAAGAATTAGGCTATGAACGAAAGTTTGACCTAGCCATGCTAACTAGGGTTGGTAAATTTCGTGCCAGC | DD4: ACATTACTGCCCCATCAACATAAAGGTTTGGTCCTGGCCTTTCTATTAATTCTTAGCAGACTTACACATGCAAGCATCCGCATCCCAGTGAGAATGCCCTTCAAACCATTAAAGACTAAAAGGAGCGGGCATCAAGCACACTACACTAGTAGCTCAAAACGCCTTGCTTAGCCACACCCCCACGGGATACAGCAGTGACAAAAATTAGGCTATGAACGAAAGTTTGACCTAGCCATGCTAATCAGGGTTGGTAAACTTCGTGCCAGC | DE4: GCATTACTGCCCCATCAACACAAAGGTTTGGTCCTAGCCTTTCTATTAGTTCTTAGCAGACTTACACATGCAAGCATCCGCATCCCAGTGAGAATGCCCTCCAAATCATTAAAGACTAAAAGGAGCGGGCATCAAGCACACTACACTAGTAGCTCAAAACGCCTTGCTTAGCCACACCCCCACGGGATACAGCAGTGACAAGAATTAGGCTATGAACGAAAGTTTGACCTAGTTATGCTGATTAGGGTTGGTAAATTTCGTGCCAGC | DF4: GCTCGCCAGCCCCATCAACATAAAGGTTTGGTCCTGGCCTTTCTATTAATTCTTAGCAGACTTACACATGCAAGCATCCGCATCCCAGTGAGAATGCCCTTCAAACCATTAAAGACTAAAAGGAGCGGGCATCAAGCACACTACACTAGTAGCTCAAAACGCCTTGCTTAGCCACACCCCCACGGGATACAGCAGTGACAAGAATTAGGCTATGAACGAAAGTTTGACCTAGTTATGCTGATTAGGGTTGGTAAATTTCGTGCCAGC | DG4: GCATTATTGCCCCGTCAACATAAAGGTTTGGTCCTGGCCTTTCTATTAGTTCTTAGCAGATTTACACATGCAAGCATCCGCATCCCAGTGAGAATGCCCTTCAAACCATTAAAGACTAAAAGGAGCGGGCATCAAGCACACTACACTAGTAGCTCAAAACGCCTTGCTTAGCCACACCCCCACGGGATACAGCAGTGACAAGAATTAGGCTATGAACGAAAGTTTGACCTAGTTATGCTGATTAGGGTTGGTAAATTTCGTGCCAGC | DH4: ACATTACTGCCCCATCAACATAAAGGTTTGGTCCTGGCCTTTCTATTAATTCTTAGCAGACTTACACATGCAAGCATCCGCATCCCAGTGAGAATGCCCTCCAAATCATTAAAGACTAAAAGGAGCGGGCATCAAGCACACTACACTAGTAGCTCACAACGCCTTGCTTAGCCACACCCCCACGGGATACAGCAGTGACAAGAATTAGGCTATGAACGAAAGTTTGACCTAGCCATGCTAATTAGGGTTGGTAAATTTCGTGCCAGC | DI4: ACATTACTGCCCCATCAACATAAAGGTTTGGTCCTGGCCTTTCTATTAATTCTTAGCAGACTTACACATGCAAGCATCCGCATCCCAGTGAGAATGCCCTTCAAACCATTAAAGACTAAAAGGAGCGGGTATCAAGCACACTACGCTAGTAGCTCATAACGCCTTGCTTAGCCACACCCCCACGGGATACAGCAGTGACAAGAATTAGGCTATGAACGAAAGTTTGACCTAGCCATGCTAACTAGGGTTGGTAAATTTCGTGCCAGC | DJ4: GCTCGCCAGCCCCATCAACATAAAGGTTTGGTCCCAGCCTTTCTATTAATTCTTAACAGACTTACACATGCAAGCATCCACACCCGGTGAGAATGCCCTCCAAATCATAAAGATCACAAGGAGCGGGTAGCAAGCACACTGAACTAGCAGCTCACGACACCTTGCTTAGCCACACCCCCACGGGACACAGCAGTGATAAAAATTAAGCCATGAACGAAAGTTTGACTAAGTTATGTTAGCTAGTTGGTAAACTTCGTGCCAGC | DK4: GCATTATTGCCCCGTCAACATAAAGGTTTGGTCCTGGCCTTTCTATTAGTTCTTAGCAGACTTACACATGCAAGCATCCGCATCCCAGTGAGAATGCCCTCCAAATCATTAAAGACTAAAAGGAGCGGGTATCAAGCACACTACGCTAGTAGCTCATAACGCCTTGCTTAGCCACACCCCCACGGGATACAGCAGTGACAAGAATTAGGCTATGAACGAAAGTTTGACCTAGCCATGCTAACTAGGGTTGGTAAATTTCGTGCCAGG | DL4: GCATTATTGCCCCGTCAACATAAAGGTTTGGTCCTGGCCTTTCTATTAGTTCTTAGCAGATTTACACATGCAAGCATCCGCATCCCAGTGAGAATGCCCTCCGAATCATTAAAGACTAAGAGGAGCGGACATCAAGCACACTACACCAGTAGCTCATAACGCCTTGCTTAGCCACACCCCCACGGGACACAGCAGTGATAAAAATTAAGCCATGAACAAAAGTTTGACTAAGTCATGTTAACTAGGGTTGGTAAACTTCGAGCCAGC | DM4: GCATTATTGCCCCATCAACATAAAGGTTTGGTCCTGGCCTTTCTATTAATTCTTAGCAGACTTACACATGCAAGCATCCGCATCCCAGTGAGAATGCCCTCCAAATCACTAAAGACTAAAAGGAGCGGGTATCAAGCACGCTACACTAGCAGCTCACAACACCTTGCTTAGCCACACCCCCACGGGACACAACAGTGATAAAAATTAAGCCATGAACGAAAGTTTGACTAAGTCATGTTAACTAGGGTTGGTAAACTTCGAGCCAGC | DN4: ACATTACTGCCCCATCAACATAAAGGTTTGGTCCTGGCCTTTCTATTAATTCTTAGCAGACTTACACATGCAAGCATCCGCATCCCAGTGAGAATGCCCTCCAAATCATTAAAGACTAAAAGGAGCGGGTATCAAGCACACTACGCTAGTAGCTCATAACGCCTTGCTTAGCCACACCCCCACGGGATACAGCAGTGACAAGAATTAGGCTATGAACGAAAGTTTGACCTAGCCATGCTAACTAGGGTTGGTAAATTTCGTGCCAGC | DO4: GCATTATTGCCCCATCAACATAAAGGTTTGGTCCTGGCCTTTCTATTAATTCTTAGCAGACTTACACATGCAAGCATCCGCATCCCAGTGAGAACGCCCTTCAAATCATTAAGACTAAAAGGAGCGGGTATCAAGCACGCTACGCTAGTAGCTCATAACGCCTTGCTTAGCCACACCCCCACGGGATACAGCAGTGACAAGAATTAGGCTATGAACGGAAGTTTGACCTAGCCATGCTAACTAGGGTTGGTAAATTTCGTGCCAGC | DP4: GCATTATTGCCCCATCAACATAAAGGTTTGGTCCTGGCCTTTCTATTAATTCTTAACAGACTTACACATGCAAGCATCCACACCCGGTGAGAATGCCCTCCAAATCATAAAGAGCACAAGGAGCGGGTAGCAAGCACACTGCACTAGCAGCTCACGACACCTTGCTTAGCCACACCCCCACGGGACACAGCAGTGATAAAAATTAAGCCATGAACGAAAGTTTGACTAAGTTATGTTAGCTAGTTGGTAAACTTCGTGCCAGC | DQ4: GCATTATTGCCCCGTCAACATAAAGGTTTGGTCCTGGCCTTTCTATTAGTTCTTAGCAGACTTACACATGCAAGCATCCACATCCCAGTGAGAATGCCCTCCAAATCATTAAAGACTAAAAGGAGCGGGCATCAAGCACACTACACTAGTAGCTCACAACGCCTTGCTTAGCCACACCCCCACGGGATACAGCAGTGACAAAAATTAGGCTATGAACGAAAGTTTGACCTAGCCATGCTAATTAGGGTTGGTAAACTTCGTGCCAGC | DR4: GCATTACTGCCCCATCAACACAAAGGTTTGGTCCTAGCCTTTCTATTAGTTCTTAGCAGACTTACACATGCAAGCATCCGCATCCCAGTGAGAATGCCCTCCAAATCATTAAAGACTAAAAGGAGCGGGTATCAAGCACACTACGCTAGTAGCTCATAACGCCTTGCTTAGCCACACCCCCACGGGATACAGCAGTGACAAGAATTAGGCTATGAACGAAAGTTTGACCTAGCCATGCTAATTAGGGTTGGTAAACTTCGTGCCAGC | DS4: GCATTATTGCCCCGTCAACATAAAGGTTTGGTCCTGGCCTTTCTATTAGTTCTTAGCAGATTTACACATGCAAGCATCCGCATCCCAGTGAGAATGCCCTCCGAATCATTAAAGACTAAGAGGAGCGGACATCAAGCACACTACACCAGTAGCTCATAACGCCTTGCTTAGCCACACCCCCACGGGATACAGCAGTGACGAAAATTAGGCTATGAACGAAAGTTTGACCTAGCCATGCTAACTAGGGTTGGTAAATTTCGTGCCAGG | DT4: GCATTATTGCCCCGTCAACATAAAGGTTTGGTCCTGGCCTTTCTATTAGTTCTTAGCAGATTTACACATGCAAGCATCCGCATCCCAGTGAGAATGCCCTCCAAATCATTAAAGACTAAAAGGAGCGGGTATCAAGCACACTACGCTAGTAGCTCATAACGCCTTGCTTAGCCACACCCCCACGGGATACAGCAGTGACAAGAATTAGGCTATGAACGAAAGTTTGACCTAGCCATGCTAACTAGGGTTGGTAAATTTCGTGCCAGG | DU4: CATTACTGCCCCATCAACATAAAGGTTTGGTCCTAGCCTTTCTATTAGTTCTTAGCAGATTTACACATGCAAGCATCCGCATCCCAGTGAAAATGCCCTCCAAATCACTAAAGACTAAAAGGAGCGGGCATCAAGCACACTACACCAGTAGCTCACAACGCCTTGCTTAGCCACACCCCCACGGGATACAGCAGTGACAAAAATTAGGCTATGAACGAAAGTTTGACCTAGTTATGCTGATTAGGGTTGGTAAATTTCGTGCCAGC | DV4: GCATTATTGCCCCATCAACACAAAGGTTTGGTCCTGGCCTTTCTATTAGTTCTTGGCAGACTTACACATGCAAGCATCCGCATCCCAGTGAGAATGCCCTCCAAATCATTAAAGACTAAAAGGAGCGGGCATCAAGCACACTACACTAGTAGCTCACAACGCCTTGCTTAGCCACACCCCCACGGGATACAGCAGTGACAAAAATTAGGCTATGAACGAAAGTTTGACCTAGCCATGCTAATTAGGGTTGGTAAACTTCGTGCCAGC | DW4: GCATTACTGCCCCATCAACACAAAGGTTTGGTCCTAGCCTTTCTATTAGTTCTTAGCAGACTTACACATGCAAGCATCCGCATCCCAGTGAGAATGCCCTCCAAATCATTAAAGACTAAAAGGAGCGGGCATCAAGCACACTATACCAGTAGCTCATAACGCCTTGCTTAGCCACACCCCCACGGGATACAGCAGTGACAAGAATTAGGCTATGAACGAAAGTTTGACCTAGCCATGCTAATTAGGGTTGGTAAATTTCGTGCCAGC | DX4: GCATTATTGCCCCATCAACATAAAGGTTTGGTCCTGGCCTTTCTATTAGTTCTTAGCAGACTTACACATGCAAGCATCCGCATCCCAGTGAGAACGCCCTTCAAATCATTAAGACTAAAAGGAGCGGGTATCAAGCACGCTACGCTAGTAGCTCATAACGCCTTGCTTAGCCACACCCCCACGGGATACAGCAGTGACAAGAATTAGGCTATGAACGGAAGTTTGACCTAGCCATGCTAACTAGGGTTGGTAAATTTCGTGCCAGC | DY4: GCATTATTGCCCCATCAACATAAAGGTTTGGTCCTGGCCTTTCTATTAGTTCTTAGCAGACTTACACATGCAAGCATCCGCATCCCAGTGAGAACGCCCTTCAAATCATTAAGACTAAAAGGAGCGGGTATCAAGCACGCTACGCTAGTAGCTCATAACGCCTTGCTTAGCCACACCCCCACGGGATACAGCAGTGACAAGAATTAGGCTATGAGCGAAAGTTTGACCTAGCCATGCTAATTAGGGTTGGTAAATTTCGTGCCAGC | DZ4: GCATTATTGCCCCATCAACACAAAGGTTTGGTCCTGGCCTTTCTATTAGTTCTTAGCAGACTTACACATGCAAGCATCCGCATCCCAGTGAGAATGCCCTCCAAATCATTAAAGACTAAAAGGAGCGGGTATCAAGCACACTACGCTAGTAGCTCATAACGCCTTGCTTAGCCACACCCCCACGGGATACAGCAGTGACAAGAATTAGGCTATGAACGAAAGTTTGACCTAGCCATGCTAACTAGGGTTGGTAAATTTCGTGCCAGG | EA4: GCTCACTAGCCCCGTAAACATAACGGTTTGGTCCCAGCCTTTCTATTAGTTTTTAATAGAATCACTAAGATTAAAAGGAGCAGGTATCAAGCATGCTACACCAGCAGCTCACAACACCCTGCTTAACCACACCCCCATGGGAGACAGCAGGGATAAAAATTAAGCCATAAATGGAAGTTTGACTAAGCCATATTAATCTGGTTTGGTAAATTTCGTGCCAGC | EB4: GCTCGCCAGCCCCATCAACATAAAGGTTTGGTCCTAGCCTTTCTATTAATTCTTAACAGACTTACACATACAAGCATCCACATCCCGGTGAGAATGCCCTCCAAATCACAAGGATCAAAAGGAGCGGGTATCAAGCACGCTACACTAGCAGCTCACAACACCTTGCTTAGCCACACCCCCACGGGACACAGCAGTGATAAAAATTAAGCCATGAACGAAAGTTTGACTAAGTCATGTTAACTAGGGTTGGTAAACTTCGAGCCAGC | EC4: GCATTATTGCCCCATCAACATAAAGGTTTGGTCCTGGCCTTTCTATTAGTTCTTAGCAGACTTACACATGCAAGCATCCACATCCCAGTGAGAATGCCCTCCAAATCATTAAAGACTAAAAGGAGCGGGCATCAAGCACACTACACTAGTAGCTCACAACGCCTTGCTTAGCCACACCCCCACGGGATACAGCAGTGACAAAAATTAGGCTATGAACGAAAGTTTGACCTAGCCATGCTAATTAGGGTTGGTAAACTTCGTGCCAGC | ED4: GCATTATTGCCCCATCAACATAAAGGTTTGGTCCTGGCCTTTCTATTAATTCTTAGCAGACTTACACATGCAAGCATCCGCATCCCAGTGAGAATGCCCTCCAAATCACTAAAGACTAAAAGGAGCGGGTATCAAGCACACTACACTAGTAGCTCATAACGCCTTGCTTAGCCACACCCCCACGGGATACAGCAGTGACAAGAATTAGGCTATGAACGAAAGTTTGACCTAGCCATGCTAACTAGGGTTGGTAAATTTCGTGCCAGC | EE4: GTGGGCTTCGCCAGCCCCATCAACATAAAGGTTTGGTCCCAGCCTTACTATTAATTCTTAACAGACTTACACATGCAAGCATCCACATCCCAGTGAGAATGCCCTCCAAATCACAAAGATCAAAAGGAGCGGGTATCAAGCACGCTACACTAGCAGCTCACAACACCTTGCTTAGTCACACCCCCACGGGACACAGCAGTGATAAAAAGTAAGCCATGAACTAAAGTTTGACTAAGTCATGTTAACTAGGGTTGGTAAACTTCGTGCCAGC | EF4: ACATTACTGCCCCATCAACATAAAGGTTTGGTCCTGGCCTTTCTATTAGTTCTTAGCAGATTTACACATGCAAGCATCCGCATCCCAGTGAGAATGCCCTCCGAATCATTAAAGACTAAGAGGAGCGGACATCAAGCACACTACACTAGTAGCTCAAAACGCCTTGCTTAGCCACACCCCCACGGGATACAGCAGTGACAAGAATTAGGCTATGAACGAAAGTTTGACCTAGTTATGCTGATTAGGGTTGGTAAATTTCGTGCCAGC | EG4: GCTCGCCAGCCCCATCAACATAAAGGTTTGGTCCCAGCCTTTCTATTAATTCTTAACAGACTTACACATTACAAGCATCCACATCCCGGTGAGAATGTCTTCCAAATCACAAAGATCAAAAGGAGCAGGTATCAAGCACGCTACTCTAGCAGCTCACAACACCTTGCTTAGCCACACCCCCACGGGACACAGCAGTGATAAAAATTAAGCCATGAACAAAAGTTTGACTAAGTCATGTTAACTAGGGTTGGTAAACTTCGAGCCAGC | EH4: ACATTACTGCCCCATCAACATAAAGGTTTGGTCCTGGCCTTTCTATTAATTCTTAGCAGATTTACACATGCAAGCATCCGCATCCCAGTGAGAATGCCCTCCGAATCATTAAAGACTAAGAGGAGCGGACATCAAGCACACTACACCAGTAGCTCATAACGCCTTGCTTAGCCACACCCCCACGGGATACAGCAGTGACGAAAATTAGGCTATGAACGAAAGTTTGACCTAGTTATGCTGATTAGGGTTGGTAAATTTCGTGCCAGC | EI4: GCTCGCCAGCCCCATCAACATAAAGGTTTGGTCCCAGCCTTTCTATTAATTCTTAACAGACTTACACATGTAAGCATCCACACCCGGTGAGAATGCCCTCCAAATCATAAAGATCACAAGGAGCGGGTAGCAAGCACACTGAACTAGCAGCTCACGACACCTTGCTTAGCCACACCCCCACGGGACACAGCAGTGATAAAAATTAAGCCATGAACGAAAGTTTGACTAAGTTATGTTAGCTAGTTGGTAAACTTCGTGCCAGC | EJ4: GCATTATTGCCCCATCAACATAAAGGTTTGGTCCTGGCCTTTCTATTAGTTCTTAGCAGATTTACACATGCAAGCATCCGCATCCCAGTGAGAATGCCCTCCGAATCATTAAAGACTAAGAGGAGCGGACATCAAGCACACTACACCAGTAGCTCATAACGCCTTGCTTAGCCACACCCCCACGGGATACAGCAGTGACAAGAATTAGGCTATGAACGAAAGTTTGACCTAGTTATGCTGATTAGGGTTGGTAAATTTCGTGCCAGC | EK4: CTTTACCGCCCCATCAACACAAAGGTTTGGTCCCAGCCTTTCTATTAATTTTTAGCTGACTTACACATACGAGCATCCACATCCCGGTTAGAATGCCCTGCAAATCATAAAGACCGAAAGGTGCGGGTATCAAGCACACTACACTAGTATCTCACAACACCTTGCTTAGCACACCCCCACGGGATACAGCAGTGACAAAAATTAAGCCATGAACGGAAGTTTGACTTAGCCATGCTAACTAGGGTTGGTAAATTTCGTGCCAGC | EL4: GCTCGCTAGCCCCATGAACATACAGGTTTGGTCCCAGCCTTTTTGTTAGTTTTTAATAGAATTACACATGCAAATATCCGCACTCCGGTGAGAATGCCTTCTAAATCACTAAGATTAAAAGGAGCAGGTATCAAGCATGCTGTACCAGCAGCTCACAACTCCTTGCTCAACCACACCCCCACGGGAGACAGCAGTGATAAGAATTAGGCTATGAGCGAAAGTTTGACCTAGCCATGCTAATCAGGGTTGGTAAACTTCGTGCCAGC | EM4: ACATTACTGCCCCATCAACATAAAGGTTTGGTCCTGGCCTTTCTATTAATTCTTAGCAGACTTACACATGCAAGCATCCGCATCCCAGTGAGAATGCCCTTCAAACCATTAAAGACTAAAAGGAGCGGGCATCAAGCACACTACACTAGTAGCTCAAAACGCCTTGCTTAGCCACACCCCCACGGGATACAGCAGTGACAAGAATTAGGCTATGAACGAAAGTTTGACTAAGTCATGTTAACTAGGGTTGGTAAACTTCGAGCCAGC | EN4: GCATTATTGCCCCGTCAACATAAAGGTTTGGTCCCAGCCTTTCTATTAATTCTTAACAGACTTACACATGTAAGCATCCACACCCGGTGAGAATGCCCTCCAAATCATAAAGATCACAAGGAGCGGGTAGCAAGCACACTGAACTAGCAGCTCACGACACCTTGCTTAGCCACACCCCCACGGGATACAGCAGTGACGAAAATTAGGCTATGAACGAAAGTTTGACCTAGCCATGCTAATTAGGGTTGGTAAACTTCGTGCCAGC | EO4: CTTTACCGCCCCATCAACACAAAGGTTTGGTCCCAGCCTTTCTATTAATTTTTAGCTGACTTACACATACGAGCATCCACATCCCGGTTAGAATGCCCTGCAAATCATAAAGACCGAAAGGTGCGGGTATCAAGCACACTACACTAGTATCTCACAACACCTTGCTTAGCACACCCCCACGGGATACAGCAGTGACAAAAATTAAGCCATGAACGGAAGTTTGACTTAGCCATGCTAACTAGTGTTGGTAAATTTCGTGCCAGC | EP4: GCATTATTGCCCCATCAACACAAAGGTTTGGTCCTGGCCTTTCTATTAGTTCTTGGCAGACTTACACATGCAAGCATCCGCATCCCAGTGAGAATGCCCTCCAAATCACTAAAGACTAAAAGGAGCGGGCATCAAGCACACTATACCAGTAGCTCATAACGCCTTGCTTAGCCACACCCCCACGGGATACAGCAGTGACAAAAATTAGGCTATGAACGAAAGTTTGACCTAGCCATGCTAATTAGGGTTGGTAAATTTCGTGCCAGC | EQ4: GCATTATTGCCCCATCAACATAAAGGTTTGGTCCTGGCCTTTCTATTAATTCTTAGCAGACTTACACATGCAAGCATCCGCATCCCAGTGAGAATGCCCTTCAAACCATTAAAGACTAAAAGGAGCGGGCATCAAGCACACTACACTAGTAGCTCAAAACGCCTTGCTTAGCCACACCCCCACGGGATACAGCAGTGACAAGAATTAGGCTATGAACGAAAGTTTGACCTAGCCATGCTAATTAGGGTTGGTAAACTTCGTGCCAGC | ER4: GTCCACACCACCCGATGAACAGATAGGTTTTGTCCTGGCCTTTTTATTAGCTCTTAGTAAGATTAAACATGCAAGCTTCCCTGCCCCAGTGAAAATCCCCTCTAGATCACCGGGTCAAAAGGAGCAGGTATCAAGCACGCACGAATGCAGCTCAAAACACTTTGTTAACCACACCCCCACCGGAAACAGCGGTGATAAATCTTTAGTAATAAATGAAAGTTTGACTAAGCTATACTAATGTTAAGCGTTGGTTAATTTCGTGCCAGC | ES4: GCATTATTGCCCCGTCAACATAAAGGTTTGGTCCTGGCCTTTCTATTAGTTCTTAGCAGATTTACACATGCAAGCATCCGCATCCCAGTGAGAATGCCCTTCAAACCATTAAAGACTAAAAGGAGCGGGCATCAAGCACACTACACTAGTAGCTCAAAACGCCTTGCTTAGCCACACCCCCACGGGATACAGCAGTGACAAGAATTAGGCTATGAACGAAAGTTTGACCTAGCCATGCTAATTAGGGTTGGTAAACTTCGTGCCAGC | ET4: GCATTATTGCCCCGTCAACATAAAGGTTTGGTCCTGGCCTTTCTATTAGTTCTTGGCAGACTTACACATGCAAGCATCCGCATCCCAGTGAGAATGCCCTCCGAATCATTAAAGACTAAGAGGAGCGGACATCAAGCACACTACACCAGTAGCTCATAACGCCTTGCTTAGCCACACCCCCACGGGATACAGCAGTGACAAGAATTAGGCTATGAACGAAAGTTTGACCTAGTTATGCTGATTAGGGTTGGTAAATTTCGTGCCAGC | EU4: GCATTATTGCCCCGTCAACATAAAGGTTTGGTCCTGGCCTTTCTATTAATTCTTAGCAGACTTACACATGCAAGCATCCGCATCCCAGTGAGAATGCCCTTCAAACCATTAAAGACTAAAAGGAGCGGGCATCAAGCACACTACACTAGTAGCTCAAAACGCCTTGCTTAGCCACACCCCCACGGGATACAGCAGTGACAAGAATTAGGCTATGAACGAAAGTTTGACCTAGCCATGCTAATTAGGGTTGGTAAACTTCGTGCCAGC | EV4: CATTACTGCCCCATCAACATAAAGGTTTGGTCCTAGCCTTTCTATTAATTCTTAGCAGACTTACACATGCAAGCATCCGCATCCCAGTGAGAATGCCCTCCAAATCACTAAAGACTAAAAGGAGCGGGCATCAAGCACACTATACCAGTAGCTCATAACGCCTTGCTTAGCCACACCCCCACGGGATACAGCAGTGACAAGAATTAGGCTATGAGCGAAAGTTTGACCTAGCCATGCTAATTAGGGTTGGTAAACTTCGTGCCAGC
A5: Sample_ID | B5: Sample | C5: sample_or_nc | D5: lon | E5: lat | F5: Primer | G5: total reads | H5: ASV00001 | I5: ASV00002 | J5: ASV00003 | K5: ASV00004 | L5: ASV00005 | M5: ASV00006 | N5: ASV00007 | O5: ASV00008 | P5: ASV00009 | Q5: ASV00010 | R5: ASV00011 | S5: ASV00012 | T5: ASV00013 | U5: ASV00014 | V5: ASV00015 | W5: ASV00016 | X5: ASV00017 | Y5: ASV00018 | Z5: ASV00019 | AA5: ASV00020 | AB5: ASV00021 | AC5: ASV00022 | AD5: ASV00023 | AE5: ASV00024 | AF5: ASV00025 | AG5: ASV00026 | AH5: ASV00027 | AI5: ASV00028 | AJ5: ASV00029 | AK5: ASV00030 | AL5: ASV00031 | AM5: ASV00032 | AN5: ASV00033 | AO5: ASV00034 | AP5: ASV00035 | AQ5: ASV00036 | AR5: ASV00037 | AS5: ASV00038 | AT5: ASV00039 | AU5: ASV00040 | AV5: ASV00041 | AW5: ASV00042 | AX5: ASV00043 | AY5: ASV00044 | AZ5: ASV00045 | BA5: ASV00046 | BB5: ASV00047 | BC5: ASV00048 | BD5: ASV00049 | BE5: ASV00050 | BF5: ASV00051 | BG5: ASV00052 | BH5: ASV00053 | BI5: ASV00054 | BJ5: ASV00055 | BK5: ASV00056 | BL5: ASV00057 | BM5: ASV00058 | BN5: ASV00059 | BO5: ASV00060 | BP5: ASV00061 | BQ5: ASV00062 | BR5: ASV00063 | BS5: ASV00064 | BT5: ASV00065 | BU5: ASV00066 | BV5: ASV00067 | BW5: ASV00068 | BX5: ASV00069 | BY5: ASV00070 | BZ5: ASV00071 | CA5: ASV00072 | CB5: ASV00073 | CC5: ASV00074 | CD5: ASV00075 | CE5: ASV00076 | CF5: ASV00077 | CG5: ASV00078 | CH5: ASV00079 | CI5: ASV00080 | CJ5: ASV00081 | CK5: ASV00082 | CL5: ASV00083 | CM5: ASV00084 | CN5: ASV00085 | CO5: ASV00086 | CP5: ASV00087 | CQ5: ASV00088 | CR5: ASV00089 | CS5: ASV00090 | CT5: ASV00091 | CU5: ASV00092 | CV5: ASV00093 | CW5: ASV00094 | CX5: ASV00095 | CY5: ASV00096 | CZ5: ASV00097 | DA5: ASV00098 | DB5: ASV00099 | DC5: ASV00100 | DD5: ASV00101 | DE5: ASV00102 | DF5: ASV00103 | DG5: ASV00104 | DH5: ASV00105 | DI5: ASV00106 | DJ5: ASV00107 | DK5: ASV00108 | DL5: ASV00109 | DM5: ASV00110 | DN5: ASV00111 | DO5: ASV00112 | DP5: ASV00113 | DQ5: ASV00114 | DR5: ASV00115 | DS5: ASV00116 | DT5: ASV00117 | DU5: ASV00118 | DV5: ASV00119 | DW5: ASV00120 | DX5: ASV00121 | DY5: ASV00122 | DZ5: ASV00123 | EA5: ASV00124 | EB5: ASV00125 | EC5: ASV00126 | ED5: ASV00127 | EE5: ASV00128 | EF5: ASV00129 | EG5: ASV00130 | EH5: ASV00131 | EI5: ASV00132 | EJ5: ASV00133 | EK5: ASV00134 | EL5: ASV00135 | EM5: ASV00136 | EN5: ASV00137 | EO5: ASV00138 | EP5: ASV00139 | EQ5: ASV00140 | ER5: ASV00141 | ES5: ASV00142 | ET5: ASV00143 | EU5: ASV00144 | EV5: ASV00145
A6: S001 | B6: Ch01-02 | C6: sample | D6: NA | E6: NA | F6: Mu31F/Dc320R | G6: =SUM(H6:EV6) -> 63137 | H6: 477 | I6: 35505 | J6: 0 | K6: 14178 | L6: 8788 | M6: 51 | N6: 1914 | O6: 0 | P6: 0 | Q6: 141 | R6: 126 | S6: 258 | T6: 67 | U6: 36 | V6: 648 | W6: 27 | X6: 0 | Y6: 108 | Z6: 0 | AA6: 68 | AB6: 218 | AC6: 6 | AD6: 44 | AE6: 0 | AF6: 65 | AG6: 0 | AH6: 1 | AI6: 4 | AJ6: 10 | AK6: 20 | AL6: 0 | AM6: 0 | AN6: 24 | AO6: 0 | AP6: 72 | AQ6: 0 | AR6: 0 | AS6: 20 | AT6: 0 | AU6: 0 | AV6: 38 | AW6: 0 | AX6: 0 | AY6: 0 | AZ6: 2 | BA6: 0 | BB6: 13 | BC6: 0 | BD6: 0 | BE6: 0 | BF6: 0 | BG6: 13 | BH6: 0 | BI6: 23 | BJ6: 0 | BK6: 0 | BL6: 0 | BM6: 0 | BN6: 0 | BO6: 3 | BP6: 0 | BQ6: 0 | BR6: 0 | BS6: 2 | BT6: 0 | BU6: 0 | BV6: 0 | BW6: 10 | BX6: 1 | BY6: 0 | BZ6: 5 | CA6: 0 | CB6: 0 | CC6: 0 | CD6: 6 | CE6: 0 | CF6: 0 | CG6: 31 | CH6: 11 | CI6: 5 | CJ6: 13 | CK6: 4 | CL6: 0 | CM6: 0 | CN6: 14 | CO6: 0 | CP6: 0 | CQ6: 0 | CR6: 0 | CS6: 0 | CT6: 0 | CU6: 0 | CV6: 8 | CW6: 0 | CX6: 12 | CY6: 5 | CZ6: 1 | DA6: 3 | DB6: 0 | DC6: 3 | DD6: 0 | DE6: 0 | DF6: 0 | DG6: 0 | DH6: 0 | DI6: 0 | DJ6: 7 | DK6: 6 | DL6: 4 | DM6: 1 | DN6: 0 | DO6: 1 | DP6: 4 | DQ6: 0 | DR6: 2 | DS6: 1 | DT6: 1 | DU6: 0 | DV6: 2 | DW6: 0 | DX6: 0 | DY6: 0 | DZ6: 5 | EA6: 0 | EB6: 0 | EC6: 0 | ED6: 0 | EE6: 0 | EF6: 0 | EG6: 0 | EH6: 0 | EI6: 0 | EJ6: 0 | EK6: 0 | EL6: 0 | EM6: 0 | EN6: 0 | EO6: 0 | EP6: 0 | EQ6: 0 | ER6: 0 | ES6: 0 | ET6: 0 | EU6: 0 | EV6: 1
A7: S002 | B7: Ch03 | C7: sample | D7: NA | E7: NA | F7: Mu31F/Dc320R | G7: =SUM(H7:EV7) -> 122321 | H7: 113015 | I7: 810 | J7: 0 | K7: 760 | L7: 448 | M7: 7 | N7: 73 | O7: 0 | P7: 0 | Q7: 1615 | R7: 838 | S7: 402 | T7: 640 | U7: 332 | V7: 80 | W7: 502 | X7: 0 | Y7: 403 | Z7: 0 | AA7: 246 | AB7: 0 | AC7: 291 | AD7: 252 | AE7: 0 | AF7: 302 | AG7: 203 | AH7: 184 | AI7: 129 | AJ7: 98 | AK7: 20 | AL7: 69 | AM7: 0 | AN7: 170 | AO7: 85 | AP7: 9 | AQ7: 0 | AR7: 0 | AS7: 17 | AT7: 0 | AU7: 0 | AV7: 69 | AW7: 0 | AX7: 0 | AY7: 0 | AZ7: 26 | BA7: 0 | BB7: 14 | BC7: 0 | BD7: 0 | BE7: 0 | BF7: 11 | BG7: 0 | BH7: 0 | BI7: 3 | BJ7: 0 | BK7: 0 | BL7: 28 | BM7: 26 | BN7: 0 | BO7: 0 | BP7: 40 | BQ7: 0 | BR7: 0 | BS7: 0 | BT7: 10 | BU7: 0 | BV7: 0 | BW7: 3 | BX7: 0 | BY7: 0 | BZ7: 22 | CA7: 0 | CB7: 0 | CC7: 0 | CD7: 0 | CE7: 0 | CF7: 0 | CG7: 0 | CH7: 0 | CI7: 5 | CJ7: 0 | CK7: 14 | CL7: 0 | CM7: 0 | CN7: 0 | CO7: 0 | CP7: 0 | CQ7: 0 | CR7: 0 | CS7: 0 | CT7: 2 | CU7: 0 | CV7: 0 | CW7: 0 | CX7: 0 | CY7: 10 | CZ7: 2 | DA7: 2 | DB7: 0 | DC7: 0 | DD7: 0 | DE7: 0 | DF7: 0 | DG7: 0 | DH7: 0 | DI7: 0 | DJ7: 0 | DK7: 0 | DL7: 0 | DM7: 3 | DN7: 0 | DO7: 6 | DP7: 2 | DQ7: 0 | DR7: 0 | DS7: 0 | DT7: 0 | DU7: 0 | DV7: 0 | DW7: 0 | DX7: 6 | DY7: 1 | DZ7: 0 | EA7: 10 | EB7: 0 | EC7: 0 | ED7: 6 | EE7: 0 | EF7: 0 | EG7: 0 | EH7: 0 | EI7: 0 | EJ7: 0 | EK7: 0 | EL7: 0 | EM7: 0 | EN7: 0 | EO7: 0 | EP7: 0 | EQ7: 0 | ER7: 0 | ES7: 0 | ET7: 0 | EU7: 0 | EV7: 0
A8: S003 | B8: Ch04 | C8: sample | D8: NA | E8: NA | F8: Mu31F/Dc320R | G8: =SUM(H8:EV8) -> 63521 | H8: 19 | I8: 6907 | J8: 0 | K8: 43759 | L8: 11541 | M8: 4 | N8: 840 | O8: 0 | P8: 0 | Q8: 11 | R8: 14 | S8: 7 | T8: 0 | U8: 2 | V8: 7 | W8: 3 | X8: 0 | Y8: 17 | Z8: 0 | AA8: 2 | AB8: 95 | AC8: 0 | AD8: 0 | AE8: 0 | AF8: 18 | AG8: 0 | AH8: 0 | AI8: 3 | AJ8: 0 | AK8: 13 | AL8: 0 | AM8: 0 | AN8: 0 | AO8: 0 | AP8: 87 | AQ8: 0 | AR8: 0 | AS8: 43 | AT8: 0 | AU8: 0 | AV8: 10 | AW8: 0 | AX8: 0 | AY8: 0 | AZ8: 0 | BA8: 0 | BB8: 5 | BC8: 0 | BD8: 0 | BE8: 0 | BF8: 0 | BG8: 15 | BH8: 0 | BI8: 2 | BJ8: 0 | BK8: 0 | BL8: 0 | BM8: 0 | BN8: 0 | BO8: 2 | BP8: 0 | BQ8: 0 | BR8: 0 | BS8: 0 | BT8: 0 | BU8: 0 | BV8: 0 | BW8: 14 | BX8: 0 | BY8: 0 | BZ8: 1 | CA8: 0 | CB8: 0 | CC8: 0 | CD8: 7 | CE8: 0 | CF8: 0 | CG8: 2 | CH8: 11 | CI8: 3 | CJ8: 19 | CK8: 1 | CL8: 0 | CM8: 0 | CN8: 13 | CO8: 0 | CP8: 0 | CQ8: 0 | CR8: 0 | CS8: 0 | CT8: 0 | CU8: 0 | CV8: 3 | CW8: 0 | CX8: 5 | CY8: 0 | CZ8: 1 | DA8: 2 | DB8: 0 | DC8: 2 | DD8: 0 | DE8: 0 | DF8: 0 | DG8: 0 | DH8: 0 | DI8: 0 | DJ8: 0 | DK8: 0 | DL8: 0 | DM8: 4 | DN8: 0 | DO8: 0 | DP8: 0 | DQ8: 1 | DR8: 1 | DS8: 0 | DT8: 0 | DU8: 0 | DV8: 0 | DW8: 0 | DX8: 0 | DY8: 0 | DZ8: 3 | EA8: 0 | EB8: 2 | EC8: 0 | ED8: 0 | EE8: 0 | EF8: 0 | EG8: 0 | EH8: 0 | EI8: 0 | EJ8: 0 | EK8: 0 | EL8: 0 | EM8: 0 | EN8: 0 | EO8: 0 | EP8: 0 | EQ8: 0 | ER8: 0 | ES8: 0 | ET8: 0 | EU8: 0 | EV8: 0
A9: S004 | B9: Ch05 | C9: sample | D9: NA | E9: NA | F9: Mu31F/Dc320R | G9: =SUM(H9:EV9) -> 76725 | H9: 1 | I9: 68219 | J9: 0 | K9: 3 | L9: 14 | M9: 6551 | N9: 1539 | O9: 0 | P9: 0 | Q9: 1 | R9: 0 | S9: 9 | T9: 2 | U9: 2 | V9: 0 | W9: 0 | X9: 0 | Y9: 0 | Z9: 0 | AA9: 3 | AB9: 2 | AC9: 0 | AD9: 4 | AE9: 0 | AF9: 0 | AG9: 22 | AH9: 0 | AI9: 14 | AJ9: 30 | AK9: 16 | AL9: 0 | AM9: 0 | AN9: 0 | AO9: 0 | AP9: 5 | AQ9: 0 | AR9: 0 | AS9: 70 | AT9: 0 | AU9: 0 | AV9: 0 | AW9: 0 | AX9: 0 | AY9: 0 | AZ9: 8 | BA9: 0 | BB9: 0 | BC9: 0 | BD9: 0 | BE9: 0 | BF9: 0 | BG9: 33 | BH9: 0 | BI9: 39 | BJ9: 0 | BK9: 0 | BL9: 0 | BM9: 0 | BN9: 0 | BO9: 12 | BP9: 0 | BQ9: 0 | BR9: 0 | BS9: 0 | BT9: 0 | BU9: 0 | BV9: 0 | BW9: 6 | BX9: 2 | BY9: 0 | BZ9: 3 | CA9: 0 | CB9: 0 | CC9: 0 | CD9: 18 | CE9: 0 | CF9: 1 | CG9: 0 | CH9: 0 | CI9: 1 | CJ9: 3 | CK9: 2 | CL9: 0 | CM9: 0 | CN9: 1 | CO9: 0 | CP9: 0 | CQ9: 0 | CR9: 0 | CS9: 0 | CT9: 4 | CU9: 0 | CV9: 7 | CW9: 0 | CX9: 0 | CY9: 0 | CZ9: 0 | DA9: 0 | DB9: 0 | DC9: 2 | DD9: 0 | DE9: 0 | DF9: 0 | DG9: 0 | DH9: 0 | DI9: 0 | DJ9: 4 | DK9: 8 | DL9: 3 | DM9: 0 | DN9: 0 | DO9: 1 | DP9: 0 | DQ9: 10 | DR9: 2 | DS9: 6 | DT9: 5 | DU9: 0 | DV9: 1 | DW9: 11 | DX9: 0 | DY9: 1 | DZ9: 1 | EA9: 0 | EB9: 8 | EC9: 10 | ED9: 0 | EE9: 0 | EF9: 0 | EG9: 0 | EH9: 0 | EI9: 0 | EJ9: 0 | EK9: 2 | EL9: 0 | EM9: 0 | EN9: 0 | EO9: 1 | EP9: 0 | EQ9: 0 | ER9: 0 | ES9: 0 | ET9: 1 | EU9: 1 | EV9: 0
A10: S005 | B10: Ch06-07 | C10: sample | D10: NA | E10: NA | F10: Mu31F/Dc320R | G10: =SUM(H10:EV10) -> 83059 | H10: 700 | I10: 77041 | J10: 10 | K10: 20 | L10: 2426 | M10: 8 | N10: 1190 | O10: 2 | P10: 0 | Q10: 41 | R10: 20 | S10: 574 | T10: 161 | U10: 80 | V10: 0 | W10: 11 | X10: 0 | Y10: 0 | Z10: 0 | AA10: 139 | AB10: 155 | AC10: 0 | AD10: 142 | AE10: 0 | AF10: 15 | AG10: 13 | AH10: 1 | AI10: 6 | AJ10: 6 | AK10: 23 | AL10: 0 | AM10: 0 | AN10: 21 | AO10: 2 | AP10: 4 | AQ10: 0 | AR10: 0 | AS10: 24 | AT10: 0 | AU10: 0 | AV10: 0 | AW10: 0 | AX10: 0 | AY10: 0 | AZ10: 0 | BA10: 0 | BB10: 3 | BC10: 0 | BD10: 0 | BE10: 0 | BF10: 0 | BG10: 35 | BH10: 0 | BI10: 27 | BJ10: 0 | BK10: 0 | BL10: 0 | BM10: 2 | BN10: 0 | BO10: 13 | BP10: 0 | BQ10: 0 | BR10: 0 | BS10: 0 | BT10: 0 | BU10: 0 | BV10: 0 | BW10: 7 | BX10: 7 | BY10: 0 | BZ10: 5 | CA10: 0 | CB10: 0 | CC10: 0 | CD10: 6 | CE10: 0 | CF10: 5 | CG10: 3 | CH10: 7 | CI10: 1 | CJ10: 0 | CK10: 0 | CL10: 0 | CM10: 0 | CN10: 2 | CO10: 0 | CP10: 0 | CQ10: 0 | CR10: 0 | CS10: 0 | CT10: 1 | CU10: 0 | CV10: 7 | CW10: 0 | CX10: 4 | CY10: 1 | CZ10: 0 | DA10: 1 | DB10: 0 | DC10: 10 | DD10: 0 | DE10: 0 | DF10: 0 | DG10: 4 | DH10: 0 | DI10: 0 | DJ10: 5 | DK10: 2 | DL10: 8 | DM10: 0 | DN10: 0 | DO10: 2 | DP10: 1 | DQ10: 2 | DR10: 4 | DS10: 5 | DT10: 6 | DU10: 0 | DV10: 8 | DW10: 0 | DX10: 0 | DY10: 0 | DZ10: 1 | EA10: 0 | EB10: 0 | EC10: 0 | ED10: 0 | EE10: 0 | EF10: 0 | EG10: 9 | EH10: 0 | EI10: 7 | EJ10: 0 | EK10: 3 | EL10: 1 | EM10: 0 | EN10: 3 | EO10: 2 | EP10: 0 | EQ10: 2 | ER10: 0 | ES10: 2 | ET10: 0 | EU10: 0 | EV10: 0
A11: S006 | B11: Ch08 | C11: sample | D11: NA | E11: NA | F11: Mu31F/Dc320R | G11: =SUM(H11:EV11) -> 98223 | H11: 86923 | I11: 28 | J11: 0 | K11: 153 | L11: 10 | M11: 0 | N11: 6 | O11: 3871 | P11: 3178 | Q11: 811 | R11: 371 | S11: 7 | T11: 57 | U11: 362 | V11: 0 | W11: 174 | X11: 0 | Y11: 94 | Z11: 0 | AA11: 49 | AB11: 0 | AC11: 150 | AD11: 4 | AE11: 0 | AF11: 36 | AG11: 188 | AH11: 146 | AI11: 148 | AJ11: 149 | AK11: 130 | AL11: 170 | AM11: 0 | AN11: 6 | AO11: 123 | AP11: 9 | AQ11: 0 | AR11: 170 | AS11: 0 | AT11: 0 | AU11: 0 | AV11: 22 | AW11: 0 | AX11: 0 | AY11: 0 | AZ11: 81 | BA11: 0 | BB11: 71 | BC11: 0 | BD11: 0 | BE11: 0 | BF11: 88 | BG11: 0 | BH11: 0 | BI11: 1 | BJ11: 0 | BK11: 0 | BL11: 64 | BM11: 60 | BN11: 18 | BO11: 11 | BP11: 31 | BQ11: 0 | BR11: 0 | BS11: 0 | BT11: 45 | BU11: 0 | BV11: 0 | BW11: 10 | BX11: 40 | BY11: 0 | BZ11: 6 | CA11: 0 | CB11: 0 | CC11: 0 | CD11: 0 | CE11: 0 | CF11: 0 | CG11: 0 | CH11: 7 | CI11: 20 | CJ11: 0 | CK11: 13 | CL11: 6 | CM11: 0 | CN11: 2 | CO11: 0 | CP11: 0 | CQ11: 0 | CR11: 0 | CS11: 0 | CT11: 14 | CU11: 0 | CV11: 0 | CW11: 0 | CX11: 2 | CY11: 6 | CZ11: 17 | DA11: 13 | DB11: 0 | DC11: 0 | DD11: 0 | DE11: 0 | DF11: 0 | DG11: 0 | DH11: 0 | DI11: 0 | DJ11: 0 | DK11: 0 | DL11: 0 | DM11: 7 | DN11: 0 | DO11: 3 | DP11: 6 | DQ11: 0 | DR11: 4 | DS11: 0 | DT11: 0 | DU11: 0 | DV11: 0 | DW11: 0 | DX11: 5 | DY11: 9 | DZ11: 0 | EA11: 0 | EB11: 0 | EC11: 0 | ED11: 4 | EE11: 8 | EF11: 0 | EG11: 0 | EH11: 0 | EI11: 0 | EJ11: 0 | EK11: 0 | EL11: 3 | EM11: 0 | EN11: 0 | EO11: 0 | EP11: 3 | EQ11: 0 | ER11: 0 | ES11: 0 | ET11: 0 | EU11: 0 | EV11: 0
A12: S007 | B12: Ch09 | C12: sample | D12: NA | E12: NA | F12: Mu31F/Dc320R | G12: =SUM(H12:EV12) -> 120475 | H12: 208 | I12: 72 | J12: 115997 | K12: 16 | L12: 37 | M12: 0 | N12: 4 | O12: 89 | P12: 0 | Q12: 2 | R12: 1 | S12: 0 | T12: 0 | U12: 1 | V12: 0 | W12: 0 | X12: 0 | Y12: 0 | Z12: 610 | AA12: 0 | AB12: 0 | AC12: 0 | AD12: 0 | AE12: 442 | AF12: 0 | AG12: 0 | AH12: 1 | AI12: 0 | AJ12: 6 | AK12: 73 | AL12: 0 | AM12: 239 | AN12: 0 | AO12: 2 | AP12: 0 | AQ12: 176 | AR12: 2 | AS12: 0 | AT12: 162 | AU12: 140 | AV12: 0 | AW12: 135 | AX12: 126 | AY12: 118 | AZ12: 0 | BA12: 116 | BB12: 4 | BC12: 103 | BD12: 101 | BE12: 100 | BF12: 0 | BG12: 0 | BH12: 96 | BI12: 0 | BJ12: 92 | BK12: 92 | BL12: 0 | BM12: 0 | BN12: 70 | BO12: 37 | BP12: 0 | BQ12: 71 | BR12: 66 | BS12: 66 | BT12: 3 | BU12: 58 | BV12: 54 | BW12: 3 | BX12: 0 | BY12: 45 | BZ12: 0 | CA12: 41 | CB12: 39 | CC12: 39 | CD12: 0 | CE12: 37 | CF12: 30 | CG12: 0 | CH12: 0 | CI12: 0 | CJ12: 0 | CK12: 0 | CL12: 26 | CM12: 32 | CN12: 0 | CO12: 31 | CP12: 31 | CQ12: 30 | CR12: 29 | CS12: 28 | CT12: 6 | CU12: 27 | CV12: 0 | CW12: 24 | CX12: 0 | CY12: 0 | CZ12: 1 | DA12: 0 | DB12: 21 | DC12: 3 | DD12: 20 | DE12: 19 | DF12: 19 | DG12: 15 | DH12: 18 | DI12: 17 | DJ12: 0 | DK12: 0 | DL12: 1 | DM12: 0 | DN12: 14 | DO12: 0 | DP12: 0 | DQ12: 0 | DR12: 0 | DS12: 0 | DT12: 0 | DU12: 12 | DV12: 0 | DW12: 0 | DX12: 0 | DY12: 0 | DZ12: 0 | EA12: 0 | EB12: 0 | EC12: 0 | ED12: 0 | EE12: 1 | EF12: 9 | EG12: 0 | EH12: 8 | EI12: 0 | EJ12: 6 | EK12: 0 | EL12: 1 | EM12: 4 | EN12: 0 | EO12: 0 | EP12: 0 | EQ12: 0 | ER12: 0 | ES12: 0 | ET12: 0 | EU12: 0 | EV12: 0
A13: S008 | B13: Ch10_nc | C13: nc | D13: NA | E13: NA | F13: Mu31F/Dc320R | G13: =SUM(H13:EV13) -> 617 | H13: 137 | I13: 185 | J13: 233 | K13: 1 | L13: 8 | M13: 20 | N13: 1 | O13: 10 | P13: 4 | Q13: 0 | R13: 0 | S13: 1 | T13: 2 | U13: 1 | V13: 0 | W13: 0 | X13: 0 | Y13: 0 | Z13: 0 | AA13: 0 | AB13: 1 | AC13: 0 | AD13: 0 | AE13: 0 | AF13: 0 | AG13: 1 | AH13: 1 | AI13: 0 | AJ13: 0 | AK13: 0 | AL13: 0 | AM13: 0 | AN13: 0 | AO13: 0 | AP13: 0 | AQ13: 0 | AR13: 3 | AS13: 0 | AT13: 0 | AU13: 0 | AV13: 1 | AW13: 1 | AX13: 0 | AY13: 0 | AZ13: 0 | BA13: 0 | BB13: 0 | BC13: 0 | BD13: 0 | BE13: 0 | BF13: 0 | BG13: 0 | BH13: 0 | BI13: 0 | BJ13: 0 | BK13: 0 | BL13: 0 | BM13: 0 | BN13: 0 | BO13: 0 | BP13: 1 | BQ13: 0 | BR13: 3 | BS13: 0 | BT13: 1 | BU13: 0 | BV13: 0 | BW13: 0 | BX13: 0 | BY13: 0 | BZ13: 0 | CA13: 0 | CB13: 0 | CC13: 0 | CD13: 1 | CE13: 0 | CF13: 0 | CG13: 0 | CH13: 0 | CI13: 0 | CJ13: 0 | CK13: 0 | CL13: 0 | CM13: 0 | CN13: 0 | CO13: 0 | CP13: 0 | CQ13: 0 | CR13: 0 | CS13: 0 | CT13: 0 | CU13: 0 | CV13: 0 | CW13: 0 | CX13: 0 | CY13: 0 | CZ13: 0 | DA13: 0 | DB13: 0 | DC13: 0 | DD13: 0 | DE13: 0 | DF13: 0 | DG13: 0 | DH13: 0 | DI13: 0 | DJ13: 0 | DK13: 0 | DL13: 0 | DM13: 0 | DN13: 0 | DO13: 0 | DP13: 0 | DQ13: 0 | DR13: 0 | DS13: 0 | DT13: 0 | DU13: 0 | DV13: 0 | DW13: 0 | DX13: 0 | DY13: 0 | DZ13: 0 | EA13: 0 | EB13: 0 | EC13: 0 | ED13: 0 | EE13: 0 | EF13: 0 | EG13: 0 | EH13: 0 | EI13: 0 | EJ13: 0 | EK13: 0 | EL13: 0 | EM13: 0 | EN13: 0 | EO13: 0 | EP13: 0 | EQ13: 0 | ER13: 0 | ES13: 0 | ET13: 0 | EU13: 0 | EV13: 0
A14: S009 | B14: OP01 | C14: sample | D14: 114.2951 | E14: 22.34088 | F14: Mu31F/Dc320R | G14: =SUM(H14:EV14) -> 0 | H14: 0 | I14: 0 | J14: 0 | K14: 0 | L14: 0 | M14: 0 | N14: 0 | O14: 0 | P14: 0 | Q14: 0 | R14: 0 | S14: 0 | T14: 0 | U14: 0 | V14: 0 | W14: 0 | X14: 0 | Y14: 0 | Z14: 0 | AA14: 0 | AB14: 0 | AC14: 0 | AD14: 0 | AE14: 0 | AF14: 0 | AG14: 0 | AH14: 0 | AI14: 0 | AJ14: 0 | AK14: 0 | AL14: 0 | AM14: 0 | AN14: 0 | AO14: 0 | AP14: 0 | AQ14: 0 | AR14: 0 | AS14: 0 | AT14: 0 | AU14: 0 | AV14: 0 | AW14: 0 | AX14: 0 | AY14: 0 | AZ14: 0 | BA14: 0 | BB14: 0 | BC14: 0 | BD14: 0 | BE14: 0 | BF14: 0 | BG14: 0 | BH14: 0 | BI14: 0 | BJ14: 0 | BK14: 0 | BL14: 0 | BM14: 0 | BN14: 0 | BO14: 0 | BP14: 0 | BQ14: 0 | BR14: 0 | BS14: 0 | BT14: 0 | BU14: 0 | BV14: 0 | BW14: 0 | BX14: 0 | BY14: 0 | BZ14: 0 | CA14: 0 | CB14: 0 | CC14: 0 | CD14: 0 | CE14: 0 | CF14: 0 | CG14: 0 | CH14: 0 | CI14: 0 | CJ14: 0 | CK14: 0 | CL14: 0 | CM14: 0 | CN14: 0 | CO14: 0 | CP14: 0 | CQ14: 0 | CR14: 0 | CS14: 0 | CT14: 0 | CU14: 0 | CV14: 0 | CW14: 0 | CX14: 0 | CY14: 0 | CZ14: 0 | DA14: 0 | DB14: 0 | DC14: 0 | DD14: 0 | DE14: 0 | DF14: 0 | DG14: 0 | DH14: 0 | DI14: 0 | DJ14: 0 | DK14: 0 | DL14: 0 | DM14: 0 | DN14: 0 | DO14: 0 | DP14: 0 | DQ14: 0 | DR14: 0 | DS14: 0 | DT14: 0 | DU14: 0 | DV14: 0 | DW14: 0 | DX14: 0 | DY14: 0 | DZ14: 0 | EA14: 0 | EB14: 0 | EC14: 0 | ED14: 0 | EE14: 0 | EF14: 0 | EG14: 0 | EH14: 0 | EI14: 0 | EJ14: 0 | EK14: 0 | EL14: 0 | EM14: 0 | EN14: 0 | EO14: 0 | EP14: 0 | EQ14: 0 | ER14: 0 | ES14: 0 | ET14: 0 | EU14: 0 | EV14: 0
A15: S010 | B15: OP02 | C15: sample | D15: 114.2951 | E15: 22.34088 | F15: Mu31F/Dc320R | G15: =SUM(H15:EV15) -> 0 | H15: 0 | I15: 0 | J15: 0 | K15: 0 | L15: 0 | M15: 0 | N15: 0 | O15: 0 | P15: 0 | Q15: 0 | R15: 0 | S15: 0 | T15: 0 | U15: 0 | V15: 0 | W15: 0 | X15: 0 | Y15: 0 | Z15: 0 | AA15: 0 | AB15: 0 | AC15: 0 | AD15: 0 | AE15: 0 | AF15: 0 | AG15: 0 | AH15: 0 | AI15: 0 | AJ15: 0 | AK15: 0 | AL15: 0 | AM15: 0 | AN15: 0 | AO15: 0 | AP15: 0 | AQ15: 0 | AR15: 0 | AS15: 0 | AT15: 0 | AU15: 0 | AV15: 0 | AW15: 0 | AX15: 0 | AY15: 0 | AZ15: 0 | BA15: 0 | BB15: 0 | BC15: 0 | BD15: 0 | BE15: 0 | BF15: 0 | BG15: 0 | BH15: 0 | BI15: 0 | BJ15: 0 | BK15: 0 | BL15: 0 | BM15: 0 | BN15: 0 | BO15: 0 | BP15: 0 | BQ15: 0 | BR15: 0 | BS15: 0 | BT15: 0 | BU15: 0 | BV15: 0 | BW15: 0 | BX15: 0 | BY15: 0 | BZ15: 0 | CA15: 0 | CB15: 0 | CC15: 0 | CD15: 0 | CE15: 0 | CF15: 0 | CG15: 0 | CH15: 0 | CI15: 0 | CJ15: 0 | CK15: 0 | CL15: 0 | CM15: 0 | CN15: 0 | CO15: 0 | CP15: 0 | CQ15: 0 | CR15: 0 | CS15: 0 | CT15: 0 | CU15: 0 | CV15: 0 | CW15: 0 | CX15: 0 | CY15: 0 | CZ15: 0 | DA15: 0 | DB15: 0 | DC15: 0 | DD15: 0 | DE15: 0 | DF15: 0 | DG15: 0 | DH15: 0 | DI15: 0 | DJ15: 0 | DK15: 0 | DL15: 0 | DM15: 0 | DN15: 0 | DO15: 0 | DP15: 0 | DQ15: 0 | DR15: 0 | DS15: 0 | DT15: 0 | DU15: 0 | DV15: 0 | DW15: 0 | DX15: 0 | DY15: 0 | DZ15: 0 | EA15: 0 | EB15: 0 | EC15: 0 | ED15: 0 | EE15: 0 | EF15: 0 | EG15: 0 | EH15: 0 | EI15: 0 | EJ15: 0 | EK15: 0 | EL15: 0 | EM15: 0 | EN15: 0 | EO15: 0 | EP15: 0 | EQ15: 0 | ER15: 0 | ES15: 0 | ET15: 0 | EU15: 0 | EV15: 0
A16: S011 | B16: OP03_nc | C16: nc | D16: NA | E16: NA | F16: Mu31F/Dc320R | G16: =SUM(H16:EV16) -> 0 | H16: 0 | I16: 0 | J16: 0 | K16: 0 | L16: 0 | M16: 0 | N16: 0 | O16: 0 | P16: 0 | Q16: 0 | R16: 0 | S16: 0 | T16: 0 | U16: 0 | V16: 0 | W16: 0 | X16: 0 | Y16: 0 | Z16: 0 | AA16: 0 | AB16: 0 | AC16: 0 | AD16: 0 | AE16: 0 | AF16: 0 | AG16: 0 | AH16: 0 | AI16: 0 | AJ16: 0 | AK16: 0 | AL16: 0 | AM16: 0 | AN16: 0 | AO16: 0 | AP16: 0 | AQ16: 0 | AR16: 0 | AS16: 0 | AT16: 0 | AU16: 0 | AV16: 0 | AW16: 0 | AX16: 0 | AY16: 0 | AZ16: 0 | BA16: 0 | BB16: 0 | BC16: 0 | BD16: 0 | BE16: 0 | BF16: 0 | BG16: 0 | BH16: 0 | BI16: 0 | BJ16: 0 | BK16: 0 | BL16: 0 | BM16: 0 | BN16: 0 | BO16: 0 | BP16: 0 | BQ16: 0 | BR16: 0 | BS16: 0 | BT16: 0 | BU16: 0 | BV16: 0 | BW16: 0 | BX16: 0 | BY16: 0 | BZ16: 0 | CA16: 0 | CB16: 0 | CC16: 0 | CD16: 0 | CE16: 0 | CF16: 0 | CG16: 0 | CH16: 0 | CI16: 0 | CJ16: 0 | CK16: 0 | CL16: 0 | CM16: 0 | CN16: 0 | CO16: 0 | CP16: 0 | CQ16: 0 | CR16: 0 | CS16: 0 | CT16: 0 | CU16: 0 | CV16: 0 | CW16: 0 | CX16: 0 | CY16: 0 | CZ16: 0 | DA16: 0 | DB16: 0 | DC16: 0 | DD16: 0 | DE16: 0 | DF16: 0 | DG16: 0 | DH16: 0 | DI16: 0 | DJ16: 0 | DK16: 0 | DL16: 0 | DM16: 0 | DN16: 0 | DO16: 0 | DP16: 0 | DQ16: 0 | DR16: 0 | DS16: 0 | DT16: 0 | DU16: 0 | DV16: 0 | DW16: 0 | DX16: 0 | DY16: 0 | DZ16: 0 | EA16: 0 | EB16: 0 | EC16: 0 | ED16: 0 | EE16: 0 | EF16: 0 | EG16: 0 | EH16: 0 | EI16: 0 | EJ16: 0 | EK16: 0 | EL16: 0 | EM16: 0 | EN16: 0 | EO16: 0 | EP16: 0 | EQ16: 0 | ER16: 0 | ES16: 0 | ET16: 0 | EU16: 0 | EV16: 0
A17: S012 | B17: DNAex_nc01 | C17: nc | D17: NA | E17: NA | F17: Mu31F/Dc320R | G17: =SUM(H17:EV17) -> 0 | H17: 0 | I17: 0 | J17: 0 | K17: 0 | L17: 0 | M17: 0 | N17: 0 | O17: 0 | P17: 0 | Q17: 0 | R17: 0 | S17: 0 | T17: 0 | U17: 0 | V17: 0 | W17: 0 | X17: 0 | Y17: 0 | Z17: 0 | AA17: 0 | AB17: 0 | AC17: 0 | AD17: 0 | AE17: 0 | AF17: 0 | AG17: 0 | AH17: 0 | AI17: 0 | AJ17: 0 | AK17: 0 | AL17: 0 | AM17: 0 | AN17: 0 | AO17: 0 | AP17: 0 | AQ17: 0 | AR17: 0 | AS17: 0 | AT17: 0 | AU17: 0 | AV17: 0 | AW17: 0 | AX17: 0 | AY17: 0 | AZ17: 0 | BA17: 0 | BB17: 0 | BC17: 0 | BD17: 0 | BE17: 0 | BF17: 0 | BG17: 0 | BH17: 0 | BI17: 0 | BJ17: 0 | BK17: 0 | BL17: 0 | BM17: 0 | BN17: 0 | BO17: 0 | BP17: 0 | BQ17: 0 | BR17: 0 | BS17: 0 | BT17: 0 | BU17: 0 | BV17: 0 | BW17: 0 | BX17: 0 | BY17: 0 | BZ17: 0 | CA17: 0 | CB17: 0 | CC17: 0 | CD17: 0 | CE17: 0 | CF17: 0 | CG17: 0 | CH17: 0 | CI17: 0 | CJ17: 0 | CK17: 0 | CL17: 0 | CM17: 0 | CN17: 0 | CO17: 0 | CP17: 0 | CQ17: 0 | CR17: 0 | CS17: 0 | CT17: 0 | CU17: 0 | CV17: 0 | CW17: 0 | CX17: 0 | CY17: 0 | CZ17: 0 | DA17: 0 | DB17: 0 | DC17: 0 | DD17: 0 | DE17: 0 | DF17: 0 | DG17: 0 | DH17: 0 | DI17: 0 | DJ17: 0 | DK17: 0 | DL17: 0 | DM17: 0 | DN17: 0 | DO17: 0 | DP17: 0 | DQ17: 0 | DR17: 0 | DS17: 0 | DT17: 0 | DU17: 0 | DV17: 0 | DW17: 0 | DX17: 0 | DY17: 0 | DZ17: 0 | EA17: 0 | EB17: 0 | EC17: 0 | ED17: 0 | EE17: 0 | EF17: 0 | EG17: 0 | EH17: 0 | EI17: 0 | EJ17: 0 | EK17: 0 | EL17: 0 | EM17: 0 | EN17: 0 | EO17: 0 | EP17: 0 | EQ17: 0 | ER17: 0 | ES17: 0 | ET17: 0 | EU17: 0 | EV17: 0
A18: S013 | B18: DNAex_nc02 | C18: nc | D18: NA | E18: NA | F18: Mu31F/Dc320R | G18: =SUM(H18:EV18) -> 2 | H18: 0 | I18: 0 | J18: 0 | K18: 0 | L18: 0 | M18: 0 | N18: 0 | O18: 0 | P18: 0 | Q18: 0 | R18: 0 | S18: 0 | T18: 0 | U18: 0 | V18: 0 | W18: 0 | X18: 0 | Y18: 0 | Z18: 0 | AA18: 0 | AB18: 0 | AC18: 0 | AD18: 0 | AE18: 0 | AF18: 0 | AG18: 0 | AH18: 0 | AI18: 0 | AJ18: 0 | AK18: 0 | AL18: 0 | AM18: 0 | AN18: 0 | AO18: 0 | AP18: 0 | AQ18: 0 | AR18: 0 | AS18: 0 | AT18: 0 | AU18: 0 | AV18: 0 | AW18: 0 | AX18: 0 | AY18: 0 | AZ18: 0 | BA18: 0 | BB18: 0 | BC18: 0 | BD18: 0 | BE18: 0 | BF18: 0 | BG18: 0 | BH18: 0 | BI18: 0 | BJ18: 0 | BK18: 0 | BL18: 0 | BM18: 0 | BN18: 0 | BO18: 0 | BP18: 0 | BQ18: 0 | BR18: 0 | BS18: 0 | BT18: 0 | BU18: 0 | BV18: 0 | BW18: 0 | BX18: 0 | BY18: 0 | BZ18: 0 | CA18: 0 | CB18: 0 | CC18: 0 | CD18: 0 | CE18: 0 | CF18: 0 | CG18: 0 | CH18: 0 | CI18: 0 | CJ18: 0 | CK18: 0 | CL18: 0 | CM18: 0 | CN18: 0 | CO18: 0 | CP18: 0 | CQ18: 0 | CR18: 0 | CS18: 0 | CT18: 0 | CU18: 0 | CV18: 0 | CW18: 0 | CX18: 0 | CY18: 0 | CZ18: 0 | DA18: 0 | DB18: 0 | DC18: 0 | DD18: 0 | DE18: 0 | DF18: 0 | DG18: 0 | DH18: 0 | DI18: 0 | DJ18: 0 | DK18: 0 | DL18: 0 | DM18: 0 | DN18: 0 | DO18: 0 | DP18: 0 | DQ18: 0 | DR18: 0 | DS18: 0 | DT18: 0 | DU18: 0 | DV18: 0 | DW18: 0 | DX18: 0 | DY18: 0 | DZ18: 0 | EA18: 0 | EB18: 0 | EC18: 0 | ED18: 0 | EE18: 0 | EF18: 0 | EG18: 0 | EH18: 0 | EI18: 0 | EJ18: 0 | EK18: 0 | EL18: 0 | EM18: 0 | EN18: 0 | EO18: 0 | EP18: 0 | EQ18: 0 | ER18: 2 | ES18: 0 | ET18: 0 | EU18: 0 | EV18: 0
A19: S014 | B19: BT2 | C19: sample | D19: 114.432 | E19: 22.36867 | F19: Mu31F/Dc320R | G19: =SUM(H19:EV19) -> 756 | H19: 0 | I19: 0 | J19: 46 | K19: 0 | L19: 0 | M19: 0 | N19: 0 | O19: 0 | P19: 0 | Q19: 0 | R19: 0 | S19: 0 | T19: 0 | U19: 0 | V19: 0 | W19: 0 | X19: 710 | Y19: 0 | Z19: 0 | AA19: 0 | AB19: 0 | AC19: 0 | AD19: 0 | AE19: 0 | AF19: 0 | AG19: 0 | AH19: 0 | AI19: 0 | AJ19: 0 | AK19: 0 | AL19: 0 | AM19: 0 | AN19: 0 | AO19: 0 | AP19: 0 | AQ19: 0 | AR19: 0 | AS19: 0 | AT19: 0 | AU19: 0 | AV19: 0 | AW19: 0 | AX19: 0 | AY19: 0 | AZ19: 0 | BA19: 0 | BB19: 0 | BC19: 0 | BD19: 0 | BE19: 0 | BF19: 0 | BG19: 0 | BH19: 0 | BI19: 0 | BJ19: 0 | BK19: 0 | BL19: 0 | BM19: 0 | BN19: 0 | BO19: 0 | BP19: 0 | BQ19: 0 | BR19: 0 | BS19: 0 | BT19: 0 | BU19: 0 | BV19: 0 | BW19: 0 | BX19: 0 | BY19: 0 | BZ19: 0 | CA19: 0 | CB19: 0 | CC19: 0 | CD19: 0 | CE19: 0 | CF19: 0 | CG19: 0 | CH19: 0 | CI19: 0 | CJ19: 0 | CK19: 0 | CL19: 0 | CM19: 0 | CN19: 0 | CO19: 0 | CP19: 0 | CQ19: 0 | CR19: 0 | CS19: 0 | CT19: 0 | CU19: 0 | CV19: 0 | CW19: 0 | CX19: 0 | CY19: 0 | CZ19: 0 | DA19: 0 | DB19: 0 | DC19: 0 | DD19: 0 | DE19: 0 | DF19: 0 | DG19: 0 | DH19: 0 | DI19: 0 | DJ19: 0 | DK19: 0 | DL19: 0 | DM19: 0 | DN19: 0 | DO19: 0 | DP19: 0 | DQ19: 0 | DR19: 0 | DS19: 0 | DT19: 0 | DU19: 0 | DV19: 0 | DW19: 0 | DX19: 0 | DY19: 0 | DZ19: 0 | EA19: 0 | EB19: 0 | EC19: 0 | ED19: 0 | EE19: 0 | EF19: 0 | EG19: 0 | EH19: 0 | EI19: 0 | EJ19: 0 | EK19: 0 | EL19: 0 | EM19: 0 | EN19: 0 | EO19: 0 | EP19: 0 | EQ19: 0 | ER19: 0 | ES19: 0 | ET19: 0 | EU19: 0 | EV19: 0
A20: S015 | B20: PCR_nc01 | C20: nc | D20: NA | E20: NA | F20: Mu31F/Dc320R | G20: =SUM(H20:EV20) -> 0 | H20: 0 | I20: 0 | J20: 0 | K20: 0 | L20: 0 | M20: 0 | N20: 0 | O20: 0 | P20: 0 | Q20: 0 | R20: 0 | S20: 0 | T20: 0 | U20: 0 | V20: 0 | W20: 0 | X20: 0 | Y20: 0 | Z20: 0 | AA20: 0 | AB20: 0 | AC20: 0 | AD20: 0 | AE20: 0 | AF20: 0 | AG20: 0 | AH20: 0 | AI20: 0 | AJ20: 0 | AK20: 0 | AL20: 0 | AM20: 0 | AN20: 0 | AO20: 0 | AP20: 0 | AQ20: 0 | AR20: 0 | AS20: 0 | AT20: 0 | AU20: 0 | AV20: 0 | AW20: 0 | AX20: 0 | AY20: 0 | AZ20: 0 | BA20: 0 | BB20: 0 | BC20: 0 | BD20: 0 | BE20: 0 | BF20: 0 | BG20: 0 | BH20: 0 | BI20: 0 | BJ20: 0 | BK20: 0 | BL20: 0 | BM20: 0 | BN20: 0 | BO20: 0 | BP20: 0 | BQ20: 0 | BR20: 0 | BS20: 0 | BT20: 0 | BU20: 0 | BV20: 0 | BW20: 0 | BX20: 0 | BY20: 0 | BZ20: 0 | CA20: 0 | CB20: 0 | CC20: 0 | CD20: 0 | CE20: 0 | CF20: 0 | CG20: 0 | CH20: 0 | CI20: 0 | CJ20: 0 | CK20: 0 | CL20: 0 | CM20: 0 | CN20: 0 | CO20: 0 | CP20: 0 | CQ20: 0 | CR20: 0 | CS20: 0 | CT20: 0 | CU20: 0 | CV20: 0 | CW20: 0 | CX20: 0 | CY20: 0 | CZ20: 0 | DA20: 0 | DB20: 0 | DC20: 0 | DD20: 0 | DE20: 0 | DF20: 0 | DG20: 0 | DH20: 0 | DI20: 0 | DJ20: 0 | DK20: 0 | DL20: 0 | DM20: 0 | DN20: 0 | DO20: 0 | DP20: 0 | DQ20: 0 | DR20: 0 | DS20: 0 | DT20: 0 | DU20: 0 | DV20: 0 | DW20: 0 | DX20: 0 | DY20: 0 | DZ20: 0 | EA20: 0 | EB20: 0 | EC20: 0 | ED20: 0 | EE20: 0 | EF20: 0 | EG20: 0 | EH20: 0 | EI20: 0 | EJ20: 0 | EK20: 0 | EL20: 0 | EM20: 0 | EN20: 0 | EO20: 0 | EP20: 0 | EQ20: 0 | ER20: 0 | ES20: 0 | ET20: 0 | EU20: 0 | EV20: 0
A21: S016 | B21: PCR_nc02 | C21: nc | D21: NA | E21: NA | F21: Mu31F/Dc320R | G21: =SUM(H21:EV21) -> 0 | H21: 0 | I21: 0 | J21: 0 | K21: 0 | L21: 0 | M21: 0 | N21: 0 | O21: 0 | P21: 0 | Q21: 0 | R21: 0 | S21: 0 | T21: 0 | U21: 0 | V21: 0 | W21: 0 | X21: 0 | Y21: 0 | Z21: 0 | AA21: 0 | AB21: 0 | AC21: 0 | AD21: 0 | AE21: 0 | AF21: 0 | AG21: 0 | AH21: 0 | AI21: 0 | AJ21: 0 | AK21: 0 | AL21: 0 | AM21: 0 | AN21: 0 | AO21: 0 | AP21: 0 | AQ21: 0 | AR21: 0 | AS21: 0 | AT21: 0 | AU21: 0 | AV21: 0 | AW21: 0 | AX21: 0 | AY21: 0 | AZ21: 0 | BA21: 0 | BB21: 0 | BC21: 0 | BD21: 0 | BE21: 0 | BF21: 0 | BG21: 0 | BH21: 0 | BI21: 0 | BJ21: 0 | BK21: 0 | BL21: 0 | BM21: 0 | BN21: 0 | BO21: 0 | BP21: 0 | BQ21: 0 | BR21: 0 | BS21: 0 | BT21: 0 | BU21: 0 | BV21: 0 | BW21: 0 | BX21: 0 | BY21: 0 | BZ21: 0 | CA21: 0 | CB21: 0 | CC21: 0 | CD21: 0 | CE21: 0 | CF21: 0 | CG21: 0 | CH21: 0 | CI21: 0 | CJ21: 0 | CK21: 0 | CL21: 0 | CM21: 0 | CN21: 0 | CO21: 0 | CP21: 0 | CQ21: 0 | CR21: 0 | CS21: 0 | CT21: 0 | CU21: 0 | CV21: 0 | CW21: 0 | CX21: 0 | CY21: 0 | CZ21: 0 | DA21: 0 | DB21: 0 | DC21: 0 | DD21: 0 | DE21: 0 | DF21: 0 | DG21: 0 | DH21: 0 | DI21: 0 | DJ21: 0 | DK21: 0 | DL21: 0 | DM21: 0 | DN21: 0 | DO21: 0 | DP21: 0 | DQ21: 0 | DR21: 0 | DS21: 0 | DT21: 0 | DU21: 0 | DV21: 0 | DW21: 0 | DX21: 0 | DY21: 0 | DZ21: 0 | EA21: 0 | EB21: 0 | EC21: 0 | ED21: 0 | EE21: 0 | EF21: 0 | EG21: 0 | EH21: 0 | EI21: 0 | EJ21: 0 | EK21: 0 | EL21: 0 | EM21: 0 | EN21: 0 | EO21: 0 | EP21: 0 | EQ21: 0 | ER21: 0 | ES21: 0 | ET21: 0 | EU21: 0 | EV21: 0
F23: Total reads | G23: =SUM(G6:G21) -> 628836 | H23: =SUM(H6:H21) -> 201480 | I23: =SUM(I6:I21) -> 188767 | J23: =SUM(J6:J21) -> 116286 | K23: =SUM(K6:K21) -> 58890 | L23: =SUM(L6:L21) -> 23272 | M23: =SUM(M6:M21) -> 6641 | N23: =SUM(N6:N21) -> 5567 | ... EV23: =SUM(EV6:EV21) -> 1
A24: *The taxa in this table were automatically assigned using Claident and may be different from those used for summarizing the aquarium pool experiment.

Sheet S15 ASV matrix2
G1: Claident automatic taxa assignment
G2: family | H2: Delphinidae | I2: Delphinidae | J2: Delphinidae | K2: Delphinidae | L2: Delphinidae | M2: Delphinidae | N2: Phocoenidae | O2: Delphinidae | P2: Balaenopteridae | Q2: Delphinidae | R2: Delphinidae | T2: Delphinidae | U2: Delphinidae | W2: Delphinidae | Y2: Delphinidae | AA2: Delphinidae | AE2: Delphinidae | AG2: Delphinidae | AH2: Delphinidae | AI2: Delphinidae | AJ2: Delphinidae | AN2: Delphinidae | AO2: Delphinidae | AQ2: Delphinidae | AS2: Delphinidae | AT2: Delphinidae | AU2: Delphinidae | AW2: Delphinidae | AX2: Delphinidae | AY2: Delphinidae | AZ2: Delphinidae | BA2: Delphinidae | BB2: Delphinidae | BC2: Delphinidae | BD2: Delphinidae | BE2: Delphinidae | BG2: Delphinidae | BH2: Delphinidae | BI2: Delphinidae | BJ2: Delphinidae | BK2: Delphinidae | BN2: Delphinidae | BO2: Delphinidae | BP2: Delphinidae | BS2: Delphinidae | BU2: Delphinidae | BV2: Delphinidae | BW2: Delphinidae | BX2: Delphinidae | BY2: Delphinidae | CA2: Delphinidae | CB2: Delphinidae | CC2: Delphinidae | CE2: Delphinidae | CF2: Delphinidae | CI2: Delphinidae | CJ2: Delphinidae | CK2: Delphinidae | CL2: Delphinidae | CN2: Delphinidae | CQ2: Delphinidae | CS2: Delphinidae | CU2: Delphinidae | CW2: Delphinidae | CX2: Delphinidae | CY2: Delphinidae | DA2: Delphinidae | DB2: Delphinidae | DC2: Delphinidae | DD2: Delphinidae | DE2: Delphinidae | DF2: Delphinidae | DG2: Delphinidae | DH2: Delphinidae | DI2: Delphinidae | DJ2: Delphinidae
G3: species | H3: Pseudorca crassidens | J3: Steno bredanensis | K3: Tursiops truncatus | M3: Feresa attenuata | P3: Balaenoptera acutorostrata | T3: Stenella longirostris | BS3: Steno bredanensis | BW3: Pseudorca crassidens
A4: Table S15. ASV matrix for Dc671F/Dc1015R | G4: seq | H4: GCCATCTTCAGCAAACCCTAAAAAGGAATGAAAGTAAGCACAACTATTGCACGTAAAAACGTTAGGTCAAGGTGTAACCTATGGATTGGGAAGAAATGGGCTACATTTTCTATAATAAGAACACCCCTTAAACTTACACGAAAGTTTTTATGAAATCTAAAAACTAAAGGAGGATTTAGCAGTAAATTAAGAACAGAATGCTTAATTGAATAAGGCCATGAAGCACGCACACACCGCCCGTCACCCTCCTCAAGTACCATAGCATAAGCCCCAGATCACTAACCCACGCTAAGCAAGCGTACAAGAGGAGACAAGTCGTAACAA | I4: GCCATCTTCAGCAAACCCTAAAAAAGGAACGAAAGTAAGCACAACTACTGCACGTAAAAACGTTAGGTCAAGGTGTAACCTATGGATTGGGAAGAAATGGGCTACATTTTCTATAATAAGAACACCCCTTAAACTCACACGAAAGTTTTTATGAAACCTAAAAACTAAAGGAGGATTTAGCAGTAAATTAAGAATAGAATGCTTAATTGAATAAGGCCATGAAGCACGCACACACCGCCCGTCACCCTCCTCAAGTGCCATAGCAAAGCCCCAGATTGCTAACCCATGCTAAGCAAGCGTACAAGAGGAGACAAGTCGTAACAA | J4: GCCATCTTCAGCAAACCCTAAAAAAGGAATGAAAGTAAGCACAACTATTGTACATAAAAACGTTAGGTCAAGGTGTAACCTATGGATTGGGAAGAAATGGGCTACATTTTCTATAATAAGAACACCACTTAAACTTATACGAAAGTTTTTATGAAACCTAAAAACTAAAGGAGGATTTAGCAGTAAATTAAGAATAGAATGCTTAATTGAATAAGGCCATGAAGCACGCACACACCGCCCGTCACCCTCCTCAAGTACCATAGCTAAGCCCTAGATTGCTAACCCATGCTAAGCAAGCATACAAGAGGAGACAAGTCGTAACAA | K4: GCCATCTTCAGCAAACCCTAGAAAAGGAACGAAAGTAAGCACAACTACTACACGTAAAAACGTTAGGTCAAGGTGTAACCTATGGATTGGGAAGAAATGGGCTACATTTTCTATAATAAGAACACCCCTTAAACTCACACGAAAGTTTTTATGAAACCTAAAAACTAAAGGAGGATTTAGCAGTAAATTAAGAATAGAATGCTTAATTGAATAAGGCCATGAAGCACGCACACACCGCCCGTCACCCTCCTCAAGTGCCATAGCAAAGCCCCAGATTGCTAACCCATGCTAAGCAAGCGTACAAGAGGAGACAAGTCGTAACAA | L4: GCCATCTTCAGCAAACCCTAAAAAAGGAACGAAAGTAAGCACAACTACCGCACGTAAAAACGTTAGGTCAAGGTGTAACCTATGGATTGGGAAGAAATGGGCTACATTTTCTATAATAAGAACACCCCTTAAACTCACACGAAAGTTTTTATGAAACCTAAAAACTAAAGGAGGATTTAGCAGTAAATTAAGAATAGAATGCTTAATTGAATAAGGCCATGAAGCACGCACACACCGCCCGTCACCCTCCTCAAGTGCCATAGCAAAGCCCCAGATTGCTAACCCATGCTAAGCAAGCGTACAAGAGGAGACAAGTCGTAACAA | M4: GCCATCTTCAGCAAACCCTAAAAAAGGAATGAAAGTAAGCACAACTATTGCACATAAAAACGTTAGGTCAAGGTGTAACCTATGGATTGGGAAGAAATGGGCTACATTTTCTATAATAAGAACACCCCTTAAACTTACACGAAAGTTTTTATGAAACCTAAAAACTAAAGGAGGATTTAGCAGTAAATTAAGAATAGAATGCTTAATTGAATAAGGCCATGAAGCACGCACACACCGCCCGTCACCCTCCTCAAGTGCCATAGCAAAGCCCCAGATCACTAACCCATGCTAAGCAAGCGTACAAGAGGAGACAAGTCGTAACAA | N4: GCCATCTTCAGCAAACCCTAAAAAGGAATAAAAGTAAGCATAATTACAGCACATAAAAACGTTAGGTCAAGGTGTAACCTATGGGTTGGGAAGAAATGGGCTACATTTTCTATAACAAGAACACCCCTTAAGCCCACACGAAAGTTTTTATGAAATCTAAAAACTAAAGGAGGATTTAGCAGTAAATTAAGAATAGAATGCTTAATTGAATAAGGCCATGAAGCACGCACACACCGCCCGTCACCCTCCTCAAGTATCACAGCAGAGCCCTAGATCACTAATCCCTGCTAAGCAAGCATACAAGAGGAGACAAGTCGTAACAA | O4: GCCATCTTCAGCAAACCCTAAAAAAGGAATGAAAGTAAGCACAACTATTGCACATAAAAACGTTAGGTCAAGGTGTAACCTATGGATTGGGAAGAAATGGGCTACATTTTCTATAATAAGAACACCCCTTAAACTTACACGAAAGTTTTTATGAAACCTAAAAACTAAAGGAGGATTTAGCAGTAAATTAAGAATAGAATGCTTAATTGAATAAGGCCATGAAGCACGCACACACCGCCCGTCACCCTCCTCAAGTGCCATAGCAAAGCCCCAGATTGCTAACCCATGCTAAGCAAGCGTACAAGAGGAGACAAGTCGTAACAA | P4: TCCATCTTCAGCAAACCCTAAAAAGAAGCAAAAGTAAGCATAATTATGACACATAAAAACTTTAGGTCAAGGTGTAACCTATGGGGTGGGAAGAAATGGGCTACATTTTCTACACCAAGAACACCCTTTATCCACACTAAAGTTTTTATGAAACCTAAAAACTAAAGGAGGATTTAGCAGTAAATTAAGAGTAGAGCGCTTAATTGAATAAGGCCATGAAACGTGCACACACCACCCGTCACCCTCCTCAGGTTCCATGACAAAGCCACAATCCACCAACACATGCTAAACAAGTATATGAGAGGAGATAAGTCGTAACAA | Q4: GCCATCTTCAGCAAACCCTAAAAAAGGAATGAAAGTAAGCACAACTACTGCACGTAAAAACGTTAGGTCAAGGTGTAACCTATGGATTGGGAAGAAATGGGCTACATTTTCTATAATAAGAACACCCCTTAAACTCACACGAAAGTTTTTATGAAACCTAAAAACTAAAGGAGGATTTAGCAGTAAATTAAGAATAGAATGCTTAATTGAATAAGGCCATGAAGCACGCACACACCGCCCGTCACCCTCCTCAAGTGCCATAGCAAAGCCCCAGATTGCTAACCCATGCTAAGCAAGCGTACAAGAGGAGACAAGTCGTAACAA | R4: GCCATCTTCAGCAAACCCTAAAAAAGGAACGAAAGCAAGCACAACTATCGCACATAAAAACGTTAGGTCAAGGCGTAACCTATGGATTGGGAAGAAATGGGCTACATTTTCTATAATAAGAACACCCCTTATAACCCACACGAAAGTTTTTATGAAACCTAAAAACTAAAGGAGGATTTAGCAGTAAATTAAGAATAGAATGCTTAATTGAATAAGGCCATGAAGCACGCACACACCGCCCGTCACCCTCCTCAAGTGCCATAGCAAAGCCCCAGATCGCTAACCCATGCTAAGCAAGCGTACAAGAGGAGACAAGTCGTAACAA | S4: TCCATCTTCAGCAAACCCTAAAAAGAAGCAAAAGTAAGCATAATTATGACACATAAAAACTTTAGGTCAAGGTGTAACCTATGGGGTGGGAAGAAATGGGCTACATTTTCTACACCAAGAACACCCTTTACCCACACTAAAGTTTTTATGAAACCTAAAAACTAAAGGAGGATTTAGCAGTAAATTAAGAGTAGAGCGCTTAATTGAATAAGGCCATGAAGCGTGCACACACCGCCCGTCACCCTCCTCAGGTTCCATGACAAAGCCACAATCCACCAACACATGCTAAACAAGTATATGAGAGGAGATAAGTCGTAACAA | T4: GCCATCTTCAGCAAACCCTAAAAAAGGAACGAAAGTAAGCACAACTATTGCACGTAAAAACGTTAGGTCAAGGTGTAACCTATGGATTGGGAAGAAATGGGCTACATTTTCTATAATAAGAACACCCCTTAAACTTACACGAAAGTTTTTATGAAACCTAAAAACTAAAGGAGGATTTAGCAGTAAATTAAGAATAGAATGCTTAATTGAATAAGGCCATGAAGCACGCACACACCGCCCGTCACCCTCCTCAAGTGCCATAGCAAAGCCCCAGATTGCTAACCCATGCTAAGCAAGCGTACAAGAGGAGACAAGTCGTAACAA | U4: GCCATCTTCAGCAAACCCTAAAAAAGGAATGAAAGTAAGCACAACTATTGCACGTAAAAACGTTAGGTCAAGGTGTAACCTATGGATTGGGAAGAAATGGGCTACATTTTCTACAATAAGAACACCCCTTAAACTTACATGAAAGTTTTTATGAAACCTAAAAACTAAAGGAGGATTTAGCAGTAAATTAAGAATAGAATGCTTAATTGAATAAGGCCATGAAGCACGCACACACCGCCCCGTCACCCTCCTCAAGTGCCATAGCAAAGCCCTAGATCGCTAACCCATGCTAAGCAAGCGTACAAGAGGAGACAAGTCGTAACAA | V4: GCCATCTTCAGCAAACCCTAAAAGGGAGCGAAAGTAAGCATAACTACCATACATAAAAACGTTAGGTCAAGGTGTAACCTATGGGATGGGAAGAAATGGGCTACATTTTCTATACTAAGAACACCCCTCATACCCACATGAAAGTTTTTATGAAATTTAAAAACCAAAGGAGGATTTAGTAGTAATTTAAGAGCAGAGTGCTTAATTGAATAAGGCCATGAAGCACGCACACACCGCCCGTCACCCTCCTCAAGTACCACAGCAAAGCCCCAGCTCACTAACCCATGCTAAGCTATGAGAGGAGACAAGTCATAACAA | W4: GCCATCTTCAGCAAACCCTAAAAAAGGAATGAAAGTAAGCACAACTATTGTACATAAAAACGTTAGGTCAAGGTGTAACCTATGGATTGGGAAGAAATGGGCTACATTTTCTATAATAAGAACACCACTTAAACTTATACGAAAGTTTTTATGAAACCTAAAAACTAAAGGAGGATTTAGCAGTAAATTAAGAATAGAATGCTTAATTGAATAAGGCCATGAAGCACGCACACACCGCCCGTCACCCTCCTCAAGTACCATAGCTAAGCCCCAGATTGCTAACCCATGCTAAGCAAGCATACAAGAGGAGACAAGTCGTAACAA | X4: GCCATCTTCAGCAAACCCTGAAAAAGGAACGAAAGTAAGCACAACTATCACACATAAAAACGTTAGGTCAAGGTGTAACCTATGGATTGGGAAGAAATGGGCTACATTTTCTACAGTAAGAACACCCCTTATATCCACACGAAAGTTTTTATGAAACCTAAAAACTAAAGGAGGATTTAGCAGTAAATTAAGAATAGAATGCTTAATTGAATAAGGCCATGAAGCACGCACACACCGCCCGTCACCCTCCTCAAGTACCATAGCAAAGCCCCAGATCACTAACGCATGCTAAGCAAGTATACGAGAGGAGACAAGTCATAACAA | Y4: GCCATCTTCAGCAAACCCTAAAAAAGGAATGAAAGTAAGCACAACTATTGTACATAAAAACGTTAGGTCAAGGTGTAACCTATGGATTGGGAAGAAATGGGCTACATTTTCTATAATAAGAACACCACTTAAACTTATACGAAAGTTTTTATGAAACCTAAAAACTAAAGGAGGATTTAGCAGTAAATTAAGAATAGAATGCTTAATTGAATAAGGCCATGAAGCACGCACACACCGCCAGTCACCCTCCTCAAGTACCATAGCTAAGCCCTAGATTGCTAACCCATGCTAAGCAAGCATACAAGAGGAGACAAGTCGTAACAA | Z4: GCCATCTTCAGCAAACCCTAAAAGGGAGCGAAAGTAAGCATAACTACCATACATAAAAACGTTAGGTCAAGGTGTAACCTATGGGATGGGAAGAAATGGGCTACATTTTCTATATTAAGAACACCCCTTATATCCACACGAAAGTTTTTATGAAATCTAAAAACTAAAGGAGGATTTAGTAGTAAATTAAGAGCAGAGTGCTTAATTGAATAAGGCCATGAAGCACGCACACACCGCCCGTCACCCTCCTCAAGTATCACAGCAAAGCCCCAGCTCACTAACCCATGCTAAGCAACTATACAAGAGGAGACAAGTTGTAACAA | AA4: GCCATCTTCAGCAAACCCTGAAAAAGGAACGAAAGTAAGCACAACTATTGCACATAAAAACGTTAGGTCAAGGTGTAACCTATGGATTGGGAAGAAATGGGCTACATTTTCTATAATAAGAACACCCCTTAAACCCACACGGAAGTTTTTATGAAACCTAAAAACTAAAGGAGGATTTAGCAGTAAATTAAGAATAGAATGCTTAATTGAATAAGGCCATGAAGCATGCACACACCGCCCGTCACCCTCCTCAAGTACCATAGAAAAGCCCCAGATCACTAACCCATGCTAAGCAAGCGTACAAGAGGAGACAAGTCGTAACAA | AB4: GCCATCTTCAGCAAACCCTAAAAGGGAGCGAAAGTAAGCATAACTACCATACATAAAAATGTTAGGTCAAGGTGTAACCTATGGGATGGGAAGAAATGGGCTACATTTTCTATACTAAGAACACCCCTCATACTCACACGAAAGTTTTTATGAAATCTAAAAACCAAAGTAGGATTTAGTAGTAATTTAAGAGCAGAGTGCTTAATTGAATAAGGCCATGAAGCACGCACACACCGCCCGTCACCCTCCTCAAGTACCACAGCAGAGCCCCAGCTCACTAACCCATGCTAAGCTACGAGAGGAGACAAGTCATAACAA | AC4: GCCATCTTCAGCAAACCCTGAAAAAGGAACGAAAGTAAGCACAACTATCACACATAAAAACGTTAGGTCAAGGTGTCACCTATGGATTGGGAAGAAATGGGCTACATTTTCTACAGTAAGAACACCCCTTATATCCACACGAAAGTTTTTATGAAACCTAAAAACTAAAGGAGGATTTAGCAGTAAATTAAGAATAGAATGCTTAATTGAATAAGGCCATGAAGCACGCACACACCGCCCGTCACCCTCCTCAAGTACCATAGCAAAGCCCCAGATCACTAACGCATGCTAAGCAAGTATACGAGAGGAGACAAGTCATAACAA | AD4: GCCATCTTCAGCAAACCCTAAAAGGGAGCGAAAGTAAGCATAACTACCATACATAAAAATGTTAGGTCAAGGTGTAACCTATGGGATGGGAAGAAATGGGCTACATTTTCTATACTAAGAACACCCCTCATACCCACACGAAAGTTTTTATGAAATCTAAAAACCAAAGTAGGATTTAGTAGTAATTTAAGAGCAGAGTGCTTAATTGAATAAGGCCATGAAGCACGCACACACCGCCCGTCACCCTCCTCAAGTACCACAGCAGAGCCCCAGCTCACTAACCCATGCTAAGCTACGAGAGGAGACAAGTCATAACAA | AE4: GCCATCTTCAGCAAACCCTAAAAAAGGAACGAAAGTAAGCACAACTATCGCACATAAAAACGTTAGGTCAAGGTGTAACCTACGGATTGGGAAGAAGTGGGCTACATTTTCTATAATAAGAACACCCCTTATAACCCACACGAAAGTTTTTATGAAACCTAAAAACTAAAGGAGGATTTAGCAGTAAATTAAGAATAGAATGCTTAATTGAATAAGGCCACGAAGCACGCACACACCGCCCGTCACCCTCCTCAAGTGCCATAGCAAAGCCCCAGATCGCTAACCCATGCTAAGCAAGCGTACAAGAGGAGACAAGTCGTAACAA | AF4: GCCATCTTCAGCAAACCCTAAAAGGGAGCGAAAGTAAGCATAACTACCATACATAAAAACGTTAGGTCAAGGTGTAACCTATGGGATGGGAAGAAATGGGCTACATTTTCTGTATTAAGAACACCCGTTATATCCACACGAAAGTTTTTATGAAATCTAAAAACCAAAGGAGGATTTAGTAGTAAATTAAGAGTAGAGTGCTTAATTGAATAAGGCCATGAAGCACACACACACCGCCCGTCACCCTCCTCAAGTATCATAGCAAAGCCCCAGTTCACTAACCCATGCTAAGCAACTATACGAGAGGAGACAAGTCGTAACAA | AG4: GCCATCTTCAGCAAACCCTAAAAAAGGAACGAAAGTAAGCACAACTATTGCACTTAAAAACGTTAGGTAAACCTAACTGTAACCTATGGATTGGGAAGAAATGGGCTACATTTTCTATGATAAGAACATCCCTTAAACTTACACGAAAGTTTTTATGAAACCTAAAAACTAAAGGAGGATTTAGCAGTAAATTAAGAATAGAATGCTTAATTGAATAAGGCCATGAAGCACGCACACACCGCCCGTCACCCTCCTCAAGTGCCATAGCAAAGCCCCAGATCGCTAACCCATGCTAAGCAAGCGTACAAGAGGAGACAAGTCGTAACAA | AH4: GCCATCTTCAGCAAACCCTAAAAAAGGAATGAAAGTAAGCACAACTATTGTACATAAAAACGTTAGGTCAAGGTGTAACCTATGGATTGGGAAGAAATGGGCTACATTTTCTATAATAAGAACACCACTTAAACTTATACGAAAGTTTTTATGAAACCTAAAAACTAAAGGAGGATTTAGCAGTAAATTAAGAATAGAATGCTTAATTGAATAAGGCCATGAAGCACGCACACACCGCCCGTCACCCTCCTCAAGTGCCATAGCAAAGCCCCAGATCGCTAACCCATGCTAAGCAAGCGTACAAGAGGAGACAAGTCGTAACAA | AI4: GCCATCTTCAGCAAACCCTAAAAAAGGAACGAAAGTAAGCACAACTATTGTACATAAAAACGTTAGGTCAAGGTGTAACCTATGGATTGGGAAGAAATGGGCTACATTTTCTATAATAAGAACACCACTTAAACTTATACGAAAGTTTTTATGAAACCTAAAAACTAAAGGAGGATTTAGCAGTAAATTAAGAATAGAATGCTTAATTGAATAAGGCCATGAAGCACGCACACACCGCCCGTCACCCTCCTCAAGTACCATAGCAAAGCCCTAGATTGCTAACCCATGCTAAGCAAGCATACAAGAGGAGACAAGTCGTAACAA | AJ4: GCCATCTTCAGCAAACCCTAAAAAAGGAACGAAAGCAAGCACAACTATCGCACATAAAAACGTCAGGTCAAGGCGTAACCTATGGATTGGGAAGAAATGGGCTACATTTTCTATAATAAGAACACCCCTTATAACCCACACGAAAGTTTTTATGAAACCCAAAAACTAAAGGAGGATTTAGCAGTAAATTAAGAATAGAATGCTTAATTGAATAAGGCCATGAAGCACGCACACACCGCCCGTCACCCTCCTCAAGTACCGTAGCAAAGCCCCAGATCGCTAACCCATGCTAAGCAAGCGTACAAGAGGAGACAAGTCGTAACAA | AK4: GCCATCTTCAGCAAACCCTAAAAGGAAACGAAAGTAAGTATAACTACCCTACATAAAAACGTTAGGTCAAGGTGTAACCTATGGGATGGGAAGAAATGGGCTACATTTTCTATACTAAGAACACCCCTCATACTCACACGAAAGTTTTTATGAAATCTAAAAACCAAAGGAGGATTTAGTAGTAAATTAAGAGCAGAGTGCTTAATTGAATAAGGCCATGAAGCTCGCACACACCGCCTGTCACCCTCCTCAAGTACCACAGCAAAGCCCCAGCTTACTAACCCATGCTAAGCAACTATACGAGAGGAGACAAGTCGTAACAA | AL4: GCCATCTTCAGCAAACCCTAAAAGCGAGCGAAAGTAAGCATAACTACCATACATAAAAATGTTAGGTCAAGGTGTAACCTATGGGATGGGAAGAAATGGGCTACATTTTCTATACTAAGAACACCCCTCATACCCACACGAAAGTTTTTATGAAATCTAAAAACCAAAGGAGGATTTAGTAGTAATTTAAGAGCAGAGTGCTTAATTGAATAAGGCCATGAAGCACGCACACACCGCCCGTCACCCTCCTCAAGTACCACAGCAGAGCCCCAGCTCACTAACCCATGCTAAGCTACGAGAGGAGACAAGTCATAACAA | AM4: GTCATCTTCAGCAAACCCTAAAAGGAAACGAAAGTAAGTATAACTACCCTACATAAAAACGTTAGGTCAAGGTGTAACCTATGGGATGGGAAGAAATGGGCTACATTTTCTATACTAAGAACACCCCTCATACTCACACGAAAGTTTTTATGAAATCTAAAAACCAAAGGAGGATTTAGTAGTAAATTAAGAGCAGAGTGCTTAATTGAATAAGGCCATGAAGCTCGCACACACCGCCTGTCACCCTCCTCAAGTACCACAGCAAAGCCCCAGCTTACTAACCCATGCTAAGCAACTATACGAGAGGAGACAAGTCGTAACAA | AN4: GCCATCTTCAGCAAACCCTAAAAAAGGAACGAAAGTAAGCACAACTATTGCACGTAAAAACGTTAGGTAAAGGTGTAACCTATGGATTGGGAAGAAATGGGCTACATTTTCTATGATAAGAACATCCCTTAAACTTACACGAAAGTTTTTATGAAACCTAAAAACTAAAGGAGGATTTAGCAGTAAATTAAGAATAGAATGCTTAATTGAATAAGGCTATGAAGCACGCACACACCGCCCGTCACCCTCCTCAAGTGCCATAGCAAAGCCCCAGATCGCTAACCCATGCTAAGCAAGCGTACAAGAGGAGACAAGTCGTAACAA | AO4: GCCATCTTCAGCAAACCCTAAAAAAGGAACGAAAGTAAGCACAACTACTGCACGTAAAAACGTTAGGTCAAGGTGTAACCTATGGATTGGGAAGAAATGGGCTACATTTTCTATAATAAGAACACCCCTTAAACTCACACGAAAGTTTTTATGAAACCTAAAAACTAAAGGAGGATTTAGCAGTAAATTAAGAATAGAATGCTTAATTGAATAAGGCCATGAAGCACGCACACACCGCCCGTCACCCTCCTCAAGTGCCATAGCAAAGCCCCAGATTGATAACCCATGCTAAGCAAGCGTACAAGAGGAGACAAGTCGTAACAA | AP4: GCCATCTTCAGCAAACCCTAAAAGGAAACGAAAGTAAGTATAACTACCCTACATAAAAACGTTAGGTCAAGGTGTAACCTATGGGATGGGAAGAAATGGGCTACATTTTCTATACTAAGAACACCCCTCATACTCACACGAAAGTTTTTATGAAATCTAAAAACCAAAGGAGGATTTAGTAGTAAATTAAGAGCAGAGTGCTTAATTGAATAAGGCCATGAAGCTCGCACACACCGCCTGTCACCCTCCTCAAGTACCACAGCAAAGCCCCAGCTTACTAACCCATGCTAAGCAACTATACGAGAGGAGACAAGTCATAACAA | AQ4: GCCATCTTCAGCAAACCCTAAAAAAGGAACGAAAGTAAGCACAACTATTGTACATAAAAACGTTAGGTCAAGGTGTAACCTATGGATTGGGAAGAAATGGGCTACATTTTCTATAATAAGAACACCACTTAAACTTATACGAAAGTTTTTATGAAACCTAAAAACTAAAGGAGGATTTAGCAGTAAATTAAGAATAGAATGCTTAATTGAATAAGGCCATGAAGCACGCACACACCGCCCGTCACCCTCCTCAAGTACCATAGCTAAGCCCTAGATTGCTAACCCATGCTAAGCAAGCATACAAGAGGAGACAAGTCGTAACAA | AR4: GCCATCTTCAGCAAACCCTAAAAGGGAGCGAAAGTAAGCATAACTACCATACATAAATATGTTAGGTCAAGGTGTAACCTATGGGATGGGAAGAAATGGGCTACATTTTCTATACTAAGAACACCCCTCATACCCACATGAAAGTTTTTATGAAATTTAAAAACCAAAGGAGGATTTAGTAGTAATTTAAGAGCAGAGTGCTTAATTGAATAAGGCCATGAAGCACGCACACACCGCCCGTCACCCTCCTCAAGTACCACAGCAAAGCCCCAGCTCACTAACCCATGCTAAGCTATGAGAGGAGACAAGTCATAACAA | AS4: GCCATCTTCAGCAAACCCTGAAAAAGGAACGAAAGTAAGCACAACTATTGCACATAAAAACGTTAGGTCAAGGTGTAACCTATGGATTGGGAAGAAATGGGCTACATTTTCTATAATAAGAACACCCCTTAAACCCACACGAAAGTTTTTATGAAACCTAAAAACTAAAGGAGGATTTAGCAGTAAATTAAGAATAGAATGCTTAATTGAATAAGGCCATGAAGCATGCACACACCGCCCGTCACCCTCCTCAAGTACCATAGAAAAGCCCCAGATCACTAACCCATGCTAAGCAAGCGTACAAGAGGAGACAAGTCGTAACAA | AT4: GCCATCTTCAGCAAACCCTAGAAAAGGAACGAAAGTAAGCACAACTACTACACGTAAAAACGCTAGGTCAAGGTGTAACCTATGGATTGGGAAGAAATGGGCTACATTTTCTATAATAAGAACACCCCTTAAACTCACACGAAAGTTTTTATGAAACCTAAAAACTAAAGGAGGATTTAGCAGTAAATTAAGAATAGAATGCTTAATTGAATAAGGCCATGAAGCACGCACACACCGCCCGTCACCCTCCTCAAGTGCCATAGCAAAGCCCCAGATTGCTAACCCATGCTAAGCAAGCGTACAAGAGGAGACAAGTCGTAACAA | AU4: GCCATCTTCAGCAAACCCTAAAAAAGGAATGAAAGTAAGCACAACTATTGCACGTAAAAACGTTAGGTCAAGGTGTAACCTATGGATTGGGGAGAAATGGGCTACATTTTCTATAATAAGAACACCCCTTAAACTTACACGAAAGTTTTTATGAAATCTAAAAACTAAAGGAGGATTTAGCAGTAAATTAAGAATAGAATGCTTAATTGAATAAGGCCATGAAGCACGCACACACCGCCCGTCACCCTCCTCAAGTGCCATAGCAAAGCCCCAGATCGCTAACCCATGCTAAGCAAGCGTACAAGAGGAGACAAGTCGTAACAA | AV4: GCCATCTTCAGCAAACCCTAAAAGGGAGCGAAAGTAAGCATAACTACCATACATAAAAACGTTAGGTCAAGGTGTAACCTATGGGATGGGAAGAAATGGGCTACATTTTCTATATTAAGAACACCCCTTATATCCACACGAAAGTTTTTATGAAATCTAAAAACTAAAGGAGGATTTAGTAGTAAATTAAGAGCAGAGTGCTTAACTGAATAAGGCCATGAAGCACGCACACACCGCCCGTCACCCTCCTCAAGTATCACAGCAAAGCCCCAGCTCACTAACCCATGCTAAGCAACTATACGAGAGGAGACAAGTTGTAACAA | AW4: GCCATCTTCAGCAAACCCTAAAAAAGGAACGAAAGTAAGCACAACTACTGCACGTAAAAACGTTAGGTCAAGGTGTAACCTATGGATTGGGAAGAAATGGGCTACATTTTCTATAATAAGAACACCCCTTAAACTCACACGAAAGTTTTTATGAAACCTAAAAACTAAAGGAGGATTTAGCAGTAAATTAAGAATAGAGTGCTTAATTGAATAAGGCCATGAAGCACGCACACACCGCCCGTCACCCTCCTCAAGTGCCATAGCAAAGCCCCAGATTGCTAACCCATGCTAAGCAAGCGTACAAGAGGAGACAAGTCGTAACAA | AX4: GCCATCTTCAGCAAACCCTAAAAAAAGAACGAAAGTAAGCACAACTATTGCACGTAAAAACGTTAGGTCAAGGTGTAACCTATGGATTGGGAAGAAATGGGCTACATTTTCTATGATAAGAACATCCCTTAAACTTACACGAAAGTTTTTATGAAACCTAAAAACTAAAGGATTTAGCAGTAAATTAAGAATAGAATGCTTAATTGAATAAGGCCATGAAGCACGCACACACCGCCCGTCACCCTCCTCAAGTGCCATAGCAAAGACCCAGATCGCTAACCCATGCTAAGCAAGCGTACAAGAGGAGACAAGTCGTAACAA | AY4: GCCATCTTCAGCAAACCCTGAAAAAGGAACGAAAGTAAGCACAACTATTGCACATAAAAACGTTAGGTCAAGGTGTAACCTATGGATTGGGAAGAAATGGGCTACATTTTCTATAATAAGAACACCCCTTAAACTCACACGAAAGTTTTTATGAAACCTAAAAACTAAAGGAGGATTTAGCAGTAAATTAAGAATAGAATGCTTAATTGAATAAGGCCATGAAGCACGCACACACCGCCCGTCACCCTCCTCAAGTGCCATAGCAAAGCCCCAGATTGCTAACCCATGCTAAGCAAGCGTACAAGAGGAGACAAGTCGTAACAA | AZ4: GCCATCTTCAGCAAACCCTAAAAAAAGAACGAAAGTAAGCACAACTATTGCACGTAAAAACGTTAGGTCAAGGTGTAACCTATGGATTGGGAAGAAATGGGCTACATTTTCTATGATAAGAACATCCCTTAAACTTACACGGAAGTTTTTATGAAACCTAAAAACTAAAGGATTTAGCAGTAAATTAAGAATAGAATGCTTAATTGAATAAGGCCATGAAGCACGCACACACCGCCCGTCACCCTCCTCAAGTGCCATAGCAAAGACCCAGATCGCTAACCCATGCTAAGCAAGCGTACAAGAGGAGACAAGTCGTAACAA | BA4: GCCATCTTCAGCAAACCCTAAAAAAGGAATGAAAGTAAGCACAACTATTGTACATAAAAACGTTAGGTCAAGGTGTAACCTATGGATTGGGAAGAAATGGGCTACATTTTCTATAATAAGAACACCACTTAAACTTATACGAAAGTTTTTATGAAACCTAAAAACTAAAGGAGGATTTAGCAGTAAATTAAGAATAGAATGCTTAATTGAATAAGGCCATGAAGCACGCACACACCGCCCGTCACCCTCCTCAAGTGCCATAGCAAAGCCCTAGATTGCTAACCCACGCTAAGCAAGCGTACAAGAGGAGACAAGTCGTAACAA | BB4: GCCATCTTCAGCAAACCCTAAAAAGGAATGAAAGTAAGCACAACTATTGCACGTAAAAACGTTAGGTCAAGGTGTAACCTATGGATTGGGAAGAAATGGGCTACATTTTCTATAATAAGAACACCCCTTAAACTTACACGAAAGTTTTTATGAAATCTAAAAACTAAAGGAGGATTTAGCAGTAAATTAAGAACAGAATGCTTAATTGAATAAGGCCATGAAGCACGCACACACCGCCCGTCACCCTCCTCAAGTGCCATAGCATAAGCCCCAGATCGCTAACCCACGCTAAGCAAGCGTACAAGAGGAGACAAGTCGTAACAA | BC4: GCCATCTTCAGCAAACCCTAAAAAAGGAATGAAAGTAAGCACAACTACTGTACGTAAAAACGTTAGGTCAAGGTGTAACCTATGGATTGGGAAGAAATGGGCTACATTTTCTATAATAAGAACACCCCTTAAACTTACACGAAAGTTTTTATGAAATCTAAAAACTAAAGGAGGATTTAGCAGTAAATTAAGAACAGAATGCTTAATTGAATAAGGCCATGAAGCACGCACACACCGCCCGTCACCCTCCTCAAGTGCCATAGCATAAGCCCCAGATCGCTAACCCACGCTAAGCAAGCGTACAAGAGGAGACAAGTCGTAACAA | BD4: GCCATCTTCAGCAAACCCTAAAAAAGGAACGAAAGTAAGCACAACTATCGCACATAAAAACGTTAGGTCAAGGCGTAACCTACGGATTGGGAAGAAATGGGCTACATTTTCTGTAATAAGAACACCCCTTATAACCCACACGAAAGTTTTTATGAAACCTAAAAACTAAAGGAGGATTTAGCAGTAAATTAAGAATAGAATGCTTAATTGAATAAGGCCATGAAGCACGCACACACTGCCCGTCACCCTCCTCAAGTGCCATAGCAAAGCCCCAGATCGCTAACCCATGCTAAGCAAGCGTACAAGAGGAGACAAGTCGTAACAA | BE4: GCCATCTTCAGCAAACCCTAAAAAAGGAACGAAAGTAAGCACAACTACTGCACGTAAAAACGTTAGGTCAAGGTGTAACCTATGGATTGGGAAGAAATGGGCTACATTTTCTATAATAAGAACACCCCTTAAACTCACACGAAAGTTTTTATGAAACCTAAAAACTAAAGGAGGATTTAGCAGTAAATTAAGAATAGAATGCTTAATTGAATAAGGCCATGAAGCACGCACACACCGCCCGTCACCATCCTCAAGTGCCATAGCAAAGCCCCAGATTGCTAACCCATGCTAAGCAAGCGTACAAGAGGAGACAAGTCGTAACAA | BF4: GCCATCTTCAGCAAACCCTAAAAGGGAGCGAAAGTAAGCATAACTACCATACATAAAAACGTTAGGTCAAGGTGTAACCTATGGGATGGGAAGAAATGGGCTACATTTTCTGTATTAAGAACACCCCTTATATCCACACGAAAGTTTTTATGAAATCTAAAAACCAAAGGAGGATTTAGTAGTAAATTAAGAGTAGAGTGCTTAATTGAATAAGGCCATGAAGCACACACACACCGCCCGTCACCCTCCTCAAATATCATAGCAAAGCCCCAGTTCACTAACCCATGCTAAGCAACTATACGAGAGGAGACAAGTCGTAACAA | BG4: GCCATCTTCAGCAAACCCTAAAAAGGAATGAAAGTAAGCACAACTATTGCACGTAAAAACGTTAGGTCAAGGTGTAACCTATGGATTGGGAAGAAATGGGCTACATTTTCTATAATAAGAACACCCCTTAAACTTACACGAAAGTTTTTATGAAATCTAAAAACTAAAGGAGGATTTAGCAGTAAATTAAGAATAGAATGCTTAATTGAATAAGGCCATGAAGCACGCACACACCGCCCGTCACCCTCCTCAAGTGCCATAGCAAAGCCCCAGATTGATAACCCATGCTAAGCAAGCGTACAAGAGGAGACAAGTCGTAACAA | BH4: GCCATCTTCAGCAAACCCTAAAAAAGGAACGAAAGTAAGCACAACTATTGTACATAAAAACGTTAGGTCAAGGTGTAACCTATGGATTGGGAAGAAATGGGCTACATTTTCTATAATAAGAACACCACTTAAACTTATACGAAAGTTTTTATGAAACCTAAAAACTAAAGGAGGATTTAGCAGTAAATTAAGAATAGAATGCTTAATTGAATAAGGCCATGAAGCACGCACACACCGCCCGTCACCCTCCTCAAGTGCCATAGCAAAGCCCTAGATTGCTAACCCACGCTAAGCAAGCGTACAAGAGGAGACAAGTCGTAACAA | BI4: GCCATCTTCAGCAAACCCTAAAAAAGGAATGAAAGTAAGCACAACTATTGTACATAAAAACGTTAGGTCAAGGTGTAACCTATGGATTGGGAAGAAATGGGCTACATTTTCTATAATAAGAACACCACTTAAACTTATACGAAAGTTTTTATGAAACCTAAAAACTAAAGGAGGATTTAGCAGTAAATTAAGAATAGAATGCTTAATTGAATAAGGCCATGAAGCACGCACACACCGCCCGTCACCCTCCTCAAGTACCATAGCTAAGCCCTAGATTGCTAACCCATGCTAAACAAGCATACAAGAGGAGACAAGTCGTAACAA | BJ4: GCCATCTTCAGCAAACCCTAAAAAGGAATGAAAGTAAGCACAACTATTGCACGTAAAAACGTTAGGTCAAGGTGTAACCTATGGATTGGGAAGAAATGGGCTACATTTTCTATAATAAGAACACCCCTTAAACTTACACGAAAGTTTTTATGAAATCTAAAAACTAAAGGAGGATTTAGCAGTAAATTAAGAATAGAATGCTTAATTGAATAAGGCCATGAAGCACGCACACACCGCCCGTCACCCTCCTCAAGTGCCATAGCAAAGCCCCAGATCGCTAACCCATGCTAAGCAAGCGTACAAGAGGAGACAAGTCGTAACAA | BK4: GCCATCTTCAGCAAACCCTAGAAAAGGAACGAAAGTAAGCACAACTACTACACGTAAAAACGTTAGGTCAAGGTGTAACCTATGGATTGGGAAGAAATGGGCTACATTTTCTATAATAAGAACACCCCTTAAACTCACACGAAAGTTTTTATGAAACCTAAAAACTAAAGGAGGATTTAGCAGTAAATTAAGAATAGAATGCTTAATTGAATAAGGCCATGAAGCACGCACACACCGCCCGTCACCCTCCTCAAGTGCCATAGCAAAGCCCCAGATTGATAACCCATGCTAAGCAAGCGTACAAGAGGAGACAAGTCGTAACAA | BL4: GCCATCTTCAGCAAACCCTAAAAGGGAGCGAAAGTAAGCATAACTACCATACATAAAAACGTTAGGTCAAGGTGTAACCTATGGGATGGGAAGAAATGGGCTACATTTTCTATATTAAGAACACCCCTTATATCCACACGAAAGTTTTTATGAAATCTAAAAACCAAAGGAGGATTTAGTAGTAAATTAAGAGCAGAGTGCTTAATTGAATAAGGCCATGAAGCACGCACACACCGCCCGTCACCCTCCTCAAGTATCATAGCAAAGCCCCAGTTCACTAACCCATGCTAAGCAACTATACGAGAGGAGACAAGTCGTAACAA | BM4: GCCATCTTCAGCAAACCCTAAAAGGGAGCGAAAGTAAGCATAACTACCATACATAAAAACGTTAGGTCAAGGTGTAACCTATGGGATGGGAAGAAATGGGCTACATTTTCTATATTAAGAACACCCCTTATATCCACACGAAAGTTTTTATGAAATCTAAAAACTAAAGGAGGATTTAGTAGTAAATTAAGAGCAGAGTGCTTAATTGAATAAGGCCATGAAGCACGCACACACCGCCCGTCACCCTCCTCAAGTATCACAGCAAAGCCCCAGCTCACTAACCCATGCTAAGCAACTATACGAGAGGAGACAAGTTGTAACAA | BN4: GCCATCTTCAGCAAACCCTAAAAAGGAATGAAAGTAAGCACAACTATTGCACGTAAAAACGTTAGGTCAAGGTGTAACCTATGGATTGGGAAGAAATGGGCTACATTTTCTATAATAAGAACACCCCTTAAACTTACACGAAAGTTTTTATGAAATCTAAAAACTAAAGGAGGATTTAGCAGTAAATTAAGAACAGAATGCTTAATTGAATAAGGCCATGAAGCACGCACACACCGCCCGTCACCCTCCTCAAGTGCCATAGCAAAGCCCCAGATTGATAACCCATGCTAAGCAAGCGTACAAGAGGAGACAAGTCGTAACAA | BO4: GCCATCTTCAGCAAACCCTAAAAAAGGAATGAAAGTAAGCACAACTATTGTACATAAAAACGTTAGGTCAAGGTGTAACCTATGGGTTGGGAAGAAATGGGCTACATTTTCTATAATAAGAACACCACTTAAACTTATACGAAAGTTTTTATGAAACCTAAAAACTAAAGGAGGATTTAGCAGTAAATTAAGAATAGAATGCTTAATTGAATAAGGCCATGAAGCACGCACACACCGCCCGTCACCCTCCTCAAGTACCATAGCTAAGCCCTAGATTGCTAACCCATGCTAAGCAAGCATACAAGAGGAGACAAGTCGTAACAA | BP4: GCCATCTTCAGCAAACCCTGAAAAAGGAACGAAAGTAAGCACAACTATTGCACATAAAAACGTTAGGTCAAGGTGTAACCTATGGATTGGGAAGAAATGGGCTACATTTTCTATAATAAGAACACCCCTTAAACCCACACGAAAGTTTTTATGAAACCTAAAAACTAAAGGAGGATTTAGCAGTAAATTAAGAATAGAATGCTTAATTGAATAAGGCCATGAAGCATGCACACACCACCCGTCACCCTCCTCAAGTACCATAGAAAAGCCCCAGATCACTAACCCATGCTAAGCAAGCGTACAAGAGGAGACAAGTCGTAACAA | BQ4: TCCATCTTCAGCAAACCCTAAAAAGAAGCAAAAGTAAGCATAAGTATGACACATAAAAACTTTAGGTCAAGGTGTAACCTATGGGGTGGGAAGAAATGGGCTACATTTCCTACACCAAGGACACCCTTTATCCACACTAAAGTTTTTATGAAACCTAAAAACTAAAGGAGGATTCAGCAGTAAATTAAGAGTAGAGCGCTTAATTGAATAAGGCCATGAAGCGTGCACACACCGCCCGTCACCCTCCTCAGGTTCCATGACAAAGCCACAATCCACCAACACATGCTAAACAAGTATATGAGAGGAGATAAGTCGTAACAA | BR4: GCCGTCTTCAGCAAACCCTAAAAGCGAGCGAAAGTAAGCATAACTACCATACATAAAAATGTTAGGTCAAGGTGTAACCTATGGGATGGGAAGAAATGGGCTACATTTTCTATACTAAGAACACCCCTCATACCCACACGAAAGTTTTTATGAAATCTAAAAACCAAAGGAGGATTTAGTAGTAATTTAAGAGCAGAGTGCTTAATTGAATAAGGCCATGAAGCACGCACACACCGCCCGTCACCCTCCTCAAGTACCACAGCAGAGCCCCAGCTCACTAACCCATGCTAAGCTACGAGAGGAGACAAGTCATAACAA | BS4: ACCATCTTCAGCAAACCCTAAAAAAGGAATGAAAGTAAGCACAACTATTGTACATAAAAACGTTAGGTCAAGGTGTAACCTATGGATTGGGAAGAAATGGGCTACATTTTCTATAATAAGAACACCACTTAAACTTATACGAAAGTTTTTATGAAACCTAAAAACTAAAGGAGGATTTAGCAGTAAATTAAGAATAGAATGCTTAATTGAATAAGGCCATGAAGCACGCACACACCGCCCGTCACCCTCCTCAAGTACCATAGCTAAGCCCTAGATTGCTAACCCATGCTAAGCAAGCATACAAGAGGAGACAAGTCGTAACAA | BT4: CATCTTCAGCAAACCCTAAAAGGGAACGAAAGTAAGCATAACTACCCTACATAAAAATGTTAGGTCAAGGTGTAACCTATGGGTTGGGAAGAAATGGGCTACATTTTCTATGATAAGAGCACCCCTTATATCCACACGAAAGTTTATATGAAACCTAAAAACTAAAGGAGGATTTAGTAGTAAATTAAGAGTAGAGTGCTTAATTGAATAAGGCCATGAAGCACACACACACCGCCCGTCACCCTCCTCAAGTATCATAGCAAAGCCCCAGTGCACTAACCCATGCTAAGCAACTATACGAGAGGAGACAAGTCGTAACAA | BU4: GCCATCTTCAGCAAACCCTAAAAAAGGAATGAAAGTAAGCACAACTATTGCACATAAAAACGTTAGGTCAAGGTGTAACCTATGGATTGGGAAGAAATGGGCTACATTTTCTATAATAAGAACACCCCTTAAACTTACACGAAAGTTTTTATGAAACCTAAAAACTAAAGGAGGATTTAGCAGTAAATTAAGAATAGAATGCTTAATTGAATAAGGCCATGAAGCACGCACACACCGCCCGTCACCCTCCTCAAGTGCCATAGCAAAGCCCCAGATTGATAACCCATGCTAAGCAAGCGTACAAGAGGAGACAAGTCGTAACAA | BV4: GCCATCTTCAGCAAACCCTGAAAAAGGAACGAAAGTAAGCACAACTATTGCACATAAAAACGTTAGGTCAAGGTGTAACCTATGGATTGGGAAGAAATGGGCTACATTTTCTATAATAAGAACACCCCTTAAACACACACGAAAGTTTTTATGAAACCTAAAAACTAAAGGAGGATTTAGCAGTAAATTAAGAATAGAATGCTTAATTGAATAAGGCCATGAAGCATGCACACACTGCCCGTCACCCTCCTCAAGTACCATAGAAAAGCCCCAGATCACTAACCCATACTAAGCAAGCGTACACGAGGAGACAAGTGGTAACAA | BW4: GCCATCTTCAGCAAACCCTAAAAAAGGAATGAAAGTAAGCACAACTACTGTACGTAAAAACGTTAGGTCAAGGTGTAACCTATGGATTGGGAAGAAATGGGCTACATTTTCTATAATAAGAACACCCCTTAAACTTACACGAAAGTTTTTATGAAATCTAAAAACTAAAGGAGGATTTAGCAGTAAATTAAGAACAGAATGCTTAATTGAATAAGGCCATGAAGCACGCACACACCGCCCGTCACCCTCCTCAAGTACCATAGCATAAGCCCCAGATCACTAACCCACGCTAAGCAAGCGTACAAGAGGAGACAAGTCGTAACAA | BX4: GCCATCTTCAGCAAACCCTAAAAAAGGAATGAAAGTAAGCACAACTATTGTACATAAAAACGTTAGGTCAAGGTGTAACCTATGGATTGGGAAGAAATGGGCTACATTTTCTATAATAAGAACACCACTTAAACTTATACGAAAGTTTTTATGAAACCTAAAAACTAAAGGAGGATTTAGCAGTAAATTAAGAATAGAATGCTTAATTGAATAAGGCCATGAAGCACGCACACACCGCCCGTCACCCTCCTCAAGTACCATAGCAAAGCCCTAGATTGCTAACCCATGCTAAGCAAGCATACAAGAGGAGACAAGTCGTAACAA | BY4: GCCATCTTCAGCAAACCCTAAAAAAGGAACGAAAGTAAGCACAACTACCGCACGTAAAAACGTTAGGTCAAGGTGTAACCTATGGATTGGGAAGAAATGGGCTACATTTTCTATAATAAGAACACCCCTTAAACTCACACGAAAGTTTTTATGAAACCTAAAAACTAAAGGAGGATTTAGCAGTAAATTAAGAATAGAATGCTTAATTGAATAAGGCCATGAAGCACGCACACACCGCCCGTCACCCTCCTCAAGTGCCATAGCAAAGCCCCAGATTGATAACCCATGCTAAGCAAGCGTACAAGAGGAGACAAGTCGTAACAA | BZ4: GCCATCTTCAGCAAACCCTAAAAGGGAGCGAAAGTAAGCATAACTACCATACATAAAAACGTTAGGTCAAGGTGTAACCTATGGGATGGGAAGAAATGGGCTACATTTTCTATACTAAGAACACCCCTTATATCCACACGAAAGTTTTTATGAAATCTAAAAACTAAAGGAGGATTTAGTAGTAAATTAAGAGCAGAGTGCTTAATTGAATAAGGCCATGAAGCACGCACACACCGCCCGTCACCCTCCTCAAGTATCACAGCAAAGCCCCAGCTCACTAACCCATGCTAAGCAACTATACGAGAGGAGACAAGTTGTAACAA | CA4: GCCATCTTCAGCAAACCCTAAAAAAAGAACGAAAGTAAGCACAACTATTGCACGTAAAAACGTTAGGTCAAGGTGTAACCTATGGATTGGGAAGAAATGGGCTACATTTTCTATGATAAGAACATCCCTTAAACTTACACGAAAGTTTTTATGAAACCTAAAAACTAAAGGATTTAGCAGTAAATTAAGAATAGAATGCTTAATTGAATAAGGCCATGAAGCACGCACAGACCGCCCGTCACCCTCCTCAAGTGCCATAGCAAAGACCCAGATCGCTAACCCATGCTAAGCAAGCGTACAAGAGGAGACAAGTCGTAACAA | CB4: GCCATCTTCAGCAAACCCTAAAAAAGGAACGAAAGTAAGCACAACTATCGCACATAAAAACGTTAGGTCAAGGTGTAACCTACGGATTGGGAAGAAATGGGCTACATTTTCTATAATAAGAACACCCCTTATAACCCACACGAAAGTTTTTATGAAACCTAAAAACTAAAGGAGGATTTAGCAGTAAATTAAGAATAGAATGCTTAATTGAATAAGGCCATGAAGCACGCACACACTGCCCGTCACCCTCCTCAAGTGCCATAGCAAAGCCCCAGATCGCTAACCCATGCTAAGCAAGCGTACAAGAGGAGACAAGTCGTAACAA | CC4: GCCATCTTCAGCAAACCCTAGAAAAGGAACGAAAGTAAGCACAACTACTACACGTAAAAACGTTAGGTCAAGGTGTAACCTATGGATTGGGAAGAAATGGGCTACATTTTCTATAATAAGAACACCCCTTAAACTCACACGAAAGTTTTTATGAAACCTAAAAACTAAAGGAGGATTTAGCAGTAAATTAAGAATAGAATGCTTAATTGAATAAGGCCATGAAGCACGCACACACCGCCCGTCACCATCCTCAAGTGCCATAGCAAAGCCCCAGATTGCTAACCCATGCTAAGCAAGCGTACAAGAGGAGACAAGTCGTAACAA | CD4: GCCATCTTCAGCAAACCCTAAAAGGGAGCGAAAGTAAGCATAACTACCATACATAAAAACGTTAGGTCAAGGTGTAACCTATGGGATGGGAAGAAATGGGCTACATTTTCTGTATTAAGAACACCCCTTATATCCACACGAAAGTTTTTATGAAATCTAAAAACCAAAGGAGGATTTAGTAGTAAATTAAGAGTAGAGTGCTTAATTGAATAAGGCCATGAAGCACACACACACCGCCCGTCACCCTCCTCAAGTATCATAGCAAAGCCCCAGTTCACTAACCCATGCTAAGCAACTATACGAGAGGAGACAAGTCGTAACAA | CE4: GCCATCTTCAGCAAACCCTAAAAAAGGAACGAAAGTAAGCACAACTACTGCACATAAAAACGTTAGGTCAAGGTGTAACCTATGGATTGGGAAGAAATGGGCTACATTTTCTATAATAAGAACACCCCTTAAACCCACACGAAAGTTTTTATGAAACCTAAAAACTAAAGGAGGATTTAGCAGTAAATTAAGAATAGAATGCTTAATTGAATAAGGCCATGAAGCATGCACACACCACCCGTCACCCTCCTCAAGTGCCATAGCAAAGCCCCAGATCGCTAACCCATGCTAAGCAAGCGTACAAGAGGAGACAAGTCATAACAA | CF4: GCCATCTTCAGCAAACCCTAAAAAGGAATGAAAGTAAGCACAACTATTGCACGTAAAAACGTTAGGTCAAGGTGTAACCTATGGATTGGGAAGAAATGGGCTACATTTTCTATAATAAGAACACCCCTTAAACTCACACGAAAGTTTTTATGAAACCTAAAAACTAAAGGAGGATTTAGCAGTAAATTAAGAATAGAATGCTTAATTGAATAAGGCCATGAAGCACGCACACACCGCCCGTCACCCTCCTCAAGTGCCATAGCAAAGCCCCAGATTGATAACCCATGCTAAGCAAGCGTACAAGAGGAGACAAGTCGTAACAA | CG4: TCCATCTTCAGCAAACCCTAAAAAGAAGCAAAAGTAAGCATAATTATGACACATAAAAACTTTAGGTCAAGGTGTAACCTATGGGGTGGGAAGAAATGGGCTACATTTTCTACACCAAGAACACCCTTTACCCACACTAAAGTTTTTATGAAACCTAAAAACTAAAGGAGGATTTAGCAGTAAATTAAGAGTAGAGCGCTTAATTGAATAAGGCCATGAAGCGTGCACACACCGCCCGTCACCTTCCTCAGGTTCCATGACAAAGCCACAATCCACCAACACATGCTAAACAAGTATATGAGAGGAGATAAGTCGTAACAA | CH4: TCCATCTTCAGCAAACCCTAAAACGAAGCAAAAGTAAGCATAATTATGACACATAAAAACTTTAGGTCAAGGTGTAACCTATGGGGTGGGAAGAAATGGGCTACATTTTCTACACCAAGAACACCCTTTACCCACACTAAAGTTTTTATGAAACCTAAAAACTAAAGGAGGATTTAGCAGTAAATTAAGAGTAGAGCGCTTAATTGAATAAGGCCATGAAGCGTGCACACACCGCCCGTCACCCTCCTCAGGTTCCATGACAAAGCCACAATCCACCAACACATGCTAAACAAGTATATGAGAGGAGATAAGTCGTAACAA | CI4: GCCATCTTCAGCAAACAGCAAACCCTAAAAAAGGAACGAAAGCAAGCACAACTATCGCACATAAAAACGTTAGGTCAAGGCGTAACCTATGGATTGGGAAGAAATGGGCTACATTTTCTATAATAAGAACACCCCTTATAACCCACACGAAAGTTTTTATGAAACCTAAAAACTAAAGGAGGATTTAGCAGTAAATTAAGAATAGAATGCTTAATTGAATAAGGCCATGAAGCACGCACACACCGCCCGTCACCCTCCTCAAGTGCCATAGCAAAGCCCCAGATCGCTAACCCATGCTAAGCAAGCGTACAAGAGGAGACAAGTCGTAACAA | CJ4: GCCATCTTCAGCAAACCCTAAAAAAGGAACGAAAGTAAGCACAACTATCGCACATAAAAACGTTAGGTCAAGGTGTAACCTACGGATTGGGAAGAAATGGGCTACATTTTCTATAATAAGAACACCCCTTATAACCCACACGAAAGTTTTTATGAAACCTAAAAACTAAAGGAGGATTTAGCAGTAAATTAAGAATAGAATGCTTAATTGAATAAGGCCATGAAGCACGCACACACTGCCCGTCACCCTCCTCAAGTGCCATAGCAAAGCCCCAGATCGCTAACCCATGCTAAGCAAGCGTAGAAGAGGAGACAAGTCGTAACAA | CK4: GCCATCTTCAGCAAACCCTAAAAAAGGAACGAAAGTAAGCACAACTACTGCACGTAAAAACGTTAGGTCAAGGTGTAACCTATGGATTGGGAAGAAATGGGCTACATTTTCTATAATAAGAACACCCCTTATAACCCACACGAAAGTTTTTATGAAACCCAAAAACTAAAGGAGGATTTAGCAGTAAATTAAGAATAGAATGCTTAATTGAATAAGGCCATGAAGCACGCACACACCGCCCGTCACCCTCCTCAAGTACCGTAGCAAAGCCCCAGATCGCTAACCCATGCTAAGCAAGCGTACAAGAGGAGACAAGTCGTAACAA | CL4: GCCATCTTCAGCAAACCCTAAAAAAGGAACGAAAGCAAGCACAACTATCGCACATAAAAACGTCAGGTCAAGGCGTAACCTATGGATTGGGAAGAAATGGGCTACATTTTCTATAATAAGAACACCCCTTAAACTCACACGAAAGTTTTTATGAAACCTAAAAACTAAAGGAGGATTTAGCAGTAAATTAAGAATAGAATGCTTAATTGAATAAGGCCATGAAGCACGCACACACCGCCCGTCACCCTCCTCAAGTGCCATAGCAAAGCCCCAGATTGCTAACCCATGCTAAGCAAGCGTACAAGAGGAGACAAGTCGTAACAA | CM4: GCCATCTTCAGCAAACCCTGAAAAAGGAACGAAAGTAAGCACAACTATTGCACATAAAAACTTTAGGTCAAGGTGTAACCTATGGGGTGGGAAGAAATGGGCTACATTTTCTACACCAAGAACACCCTTTACCCACACTAAAGTTTTTATGAAACCTAAAAACTAAAGGAGGATTTAGCAGTAAATTAAGAGTAGAGCGCTTAATTGAATAAGGCCATGAAGCGTGCACACACCGCCCGTCACCCTCCTCAGGTTCCATGACAAAGCCACAATCCACCAACACATGCTAAACAAGTATATGAGAGGAGATAAGTCGTAACAA | CN4: GCCATCTTCAGCAAACCCTAAAAAGGAATGAAAGTAAGCACAACTATTGCACGTAAAAACGTTAGGTCAAGGTGTAACCTATGGATTGGGAAGAAATGGGCTACATTTTCTATAATAAGAACACCCCTTAAACTTACACGAAAGTTTTTATGAAATCTAAAAACTAAAGGAGGATTTAGCAGTAAATTAAGAACAGAATGCTTAATTGAATAAGGCCATGAAGCTCGCACACACCGCCTGTCACCCTCCTCAAGTACCACAGCAAAGCCCCAGCTTACTAACCCATGCTAAGCAACTATACGAGAGGAGACAAGTCGTAACAA | CO4: TCCATCTTCAGCAAACCCTAAAAAGAAGCAAAAGTAAGCATAATTATGACACATAAAAACTTTAGGTCAAGGTGTAACCTATGGGGTGGGAAGAAATGGGCTACATTTTCTACACCAAGAACACCCTTTACCCACACTAAAGTTTTTATGAAACCTAAAAACTAAAGGAGGATTTAGCAGTAAATTAAGAGTAGAGCGCTTAATTGAATAAGGCCATGAAGCGTGCACACACCGCCCGTCACCTTCCTCAAGTGCCATAGCAAAGCCCCAGATCACTAACCCATGCTAAGCAAGCGTACAAGAGGAGACAAGTCGTAACAA | CP4: GCCATCTTCAGCAAACCCTAAAAAGGAATGAAAGTAAGCACAACTATTGCACGTAAAAACGTTAGGTCAAGGTGTAACCTATGGGATGGGAAGAAATGGGCTACATTTTCTATACTAAGAACACCCCTTATATCCACACGAAAGTTTTTATGAAATCTAAAAACTAAAGGAGGATTTAGTAGTAAATTAAGAGCAGAGTGCTTAATTGAATAAGGCCATGAAGCACGCACACACCGCCCGTCACCCTCCTCAAGTATCACAGCAAAGCCCCAGCTCACTAACCCATGCTAAGCAACTATACAAGAGGAGACAAGTTGTAACAA | CQ4: GCCATCTTCAGCAAACCCTAAAAAAGGAACGAAAGTAAGCACAACTACCGCACGTAAAAACGTTAGGTCAAGGTGTAACCTATGGATTGGGAAGAAATGGGCTACATTTTCTATAATAAGAACACCCCTTAAACTCACACGAAAGTTTTTATGAAACCTAAAAACTAAAGGAGGATTTAGCAGTAAATTAAGAATAGAATGCTTAATTGAATAAGGCCATGAAGCACGCACACACCGCCCGTCACCCTCCTCAAGTGCCATAGCAAAGACCCAGATCGCTAACCCATGCTAAGCAAGCGTACAAGAGGAGACAAGTCGTAACAA | CR4: GCCATCTTCAGCAAACCCTAAAAAGGAATGAAAGTAAGCACAACTATTGCACGTAAAAACGTTAGGTCAAGGTGTAACCTATGGGATGGGAAGAAATGGGCTACATTTTCTATACTAAGAACACCCCTTATATCCACACGAAAGTTTTTATGAAATCTAAAAACTAAAGGAGGATTTAGTAGTAAATTAAGAGCAGAGTGCTTAATTGAATAAGGCCATGAAGCACGCACACACCGCCCGTCACCCTCCTCAAGTATCACAGCAAAGCCCCAGCTCACTAACCCATGCTAAGCAACTATACGAGAGGAGACAAGTTGTAACAA | CS4: GCCATCTTCAGCAAACCCTAAAAAGGAATGAAAGTAAGCACAACTATTGCACGTAAAAACGTTAGGTCAAGGTGTAACCTATGGATTGGGAAGAAATGGGCTACATTTTCTATAATAAGAACACCCCTTAAACTTACACGAAAGTTTTTATGAAATCTAAAAACTAAAGGAGGATTTAGCAGTAAATTAAGAATAGAATGCTTAATTGAATAAGGCCATGAAGCATGCACACACCACCCGTCACCCTCCTCAAGTACCATAGAAAAGCCCCAGATCACTAACCCATGCTAAGCAAGCGTACAAGAGGAGACAAGTCGTAACAA | CT4: GCCATCTTCAGCAAACCCTGAAAAAGGAACGAAAGTAAGCACAACTATCACACATAAAAACGTTAGGTCAAGGTGTCACCTATGGATTGGGAAGAAATGGGCTACATTTTCTACAGTAAGAACACCCCTTATATCCACACGAAAGTTTTTATGAAACCTAAAAACTAAAGGAGGATTTAGCAGTAAATTAAGAATAGAATGCTTAATTGAATAAGGCCATGAAGCACGCACACACCGCCCGTCACCCTCCTCAAGTACCATAGCATAAGCCCCAGATCACTAACCCACGCTAAGCAAGCGTACAAGAGGAGACAAGTCGTAACAA | CU4: GCCATCTTCAGCAAACCCTGAAAAAGGAACGAAAGTAAGCACAACTATTGCACATAAAAACGTTAGGTCAAGGTGTAACCTATGGATTGGGAAGAAATGGGCTACATTTTCTATAATAAGAACACCCCTTAAACTCACACGAAAGTTTTTATGAAACCTAAAAACTAAAGGAGGATTTAGCAGTAAATTAAGAATAGAATGCTTAATTGAATAAGGCCATGAAGCACGCACACACCGCCCGTCACCCTCCTCAAGTACCATAGCATAAGCCCCAGATCACTAACCCACGCTAAGCAAGCGTACAAGAGGAGACAAGTCGTAACAA | CV4: GCCATCTTCAGCAAACCCTAAAAAGGAATGAAAGTAAGCACAACTATTGCACGTAAAAACGTTAGGTCAAGGTGTAACCTATGGATTGGGAAGAAATGGGCTACATTTTCTATATTAAGAACACCCCTTATATCCACACGAAAGTTTTTATGAAATCTAAAAACTAAAGGAGGATTTAGTAGTAAATTAAGAGCAGAGTGCTTAATTGAATAAGGCCATGAAGCACGCACACACCGCCCGTCACCCTCCTCAAGTATCACAGCAAAGCCCCAGCTCACTAACCCATGCTAAGCAACTATACGAGAGGAGACAAGTTGTAACAA | CW4: GCCATCTTCAGCAAACCCTAAAAAAGGAACGAAAGTAAGCACAACTATTGCACGTAAAAACGTTAGGTAAAGGTGTAACCTATGGATTGGGAAGAAATGGGCTACATTTTCTATGATAAGAACATCCCTTAAACTTACACGAAAGTTTTTATGAAACCTAAAAACTAAAGGAGGATTTAGCAGTAAATTAAGAATAGAATGCTTAATTGAATAAGGCCATGAAGCACGCACACACCGCCCGTCACCCTCCTCAAGTGCCATAGCAAAGCCCCAGATCGCTAACCCATGCTAAGCAAGCGTACAAGAGGAGACAAGTCGTAACAA | CX4: GCCATCTTCAGCAAACCCTAGAAAAGGAACGAAAGTAAGCACAACTACTACACGTAAAAACGTTAGGTCAAGGTGTAACCTATGGATTGGGAAGAAATGGGCTACATTTTCTACAGTAAGAACACCCCTTATATCCACACGAAAGTTTTTATGAAACCTAAAAACTAAAGGAGGATTTAGCAGTAAATTAAGAATAGAATGCTTAATTGAATAAGGCCATGAAGCACGCACACACCGCCCGTCACCCTCCTCAAGTACCATAGCAAAGCCCCAGATCACTAACGCATGCTAAGCAAGCGTACAAGAGGAGACAAGTCGTAACAA | CY4: GCCATCTTCAGCAAACAGCAAACCCTAAAAAAGGAACGAAAGCAAGCACAACTATCGCACATAAAAACGTTAGGTCAAGGCGTAACCTATGGATTGGGAAGAAATGGGCTACATTTTCTATAATAAGAACACCCCTTAAACTTACACGAAAGTTTTTATGAAATCTAAAAACTAAAGGAGGATTTAGCAGTAAATTAAGAACAGAATGCTTAATTGAATAAGGCCATGAAGCACGCACACACCGCCCGTCACCCTCCTCAAGTGCCATAGCAAAGCCCCAGATTGCTAACCCATGCTAAGCAAGCGTACAAGAGGAGACAAGTCGTAACAA | CZ4: GCCATCTTCAGCAAACCCTAAAAGGGAGCGAAAGTAAGCATAACTACCATACATAAATATGTTAGGTCAAGGTGTAACCTATGGGATGGGAAGAAATGGGCTACATTTTCTATACTAAGAACACCCCTCATACCCACATGAAAGTTTTTATGAAATTTAAAAACCAAAGGAGGATTTAGTAGTAATTTAAGAGCAGAGTGCTTAATTGAATAAGGCCATGAAGCACGCACACACCGCCCGTCACCCTCCTCAAGTGCCATAGCAAAGCCCCAGATCACTAACCCATGCTAAGCAAGCGTACAAGAGGAGACAAGTCGTAACAA | DA4: GCCATCTTCAGCAAACCCTAGAAAAGGAACGAAAGTAAGCACAACTACTACACGTAAAAACGTTAGGTCAAGGTGTAACCTATGGATTGGGAAGAAATGGGCTACATTTTCTATAATAAGAACACCCCTTAAACTCACACGAAAGTTTTTATGAAACCTAAAAACTAAAGGAGGATTTAGCAGTAAATTAAGAATAGAATGCTTAATTGAATAAGGCCATGAAGCACACACACACCGCCCGTCACCCTCCTCAAGTATCATAGCAAAGCCCCAGTTCACTAACCCATGCTAAGCAACTATACGAGAGGAGACAAGTCGTAACAA | DB4: GCCATCTTCAGCAAACCCTAAAAAAGGAACGAAAGTAAGCACAACTATCGCACATAAAAACGTTAGGTCAAGGTGTAACCTACGGATTGGGAAGAAATGGGCTACATTTTCTATAATAAGAACACCCCTTATAACCCACACGAAAGTTTTTATGAAACCTAAAAACTAAAGGAGGATTTAGCAGTAAATTAAGAATAGAATGCTTAATTGAATAAGGCCATGAAGCACGCACACACCGCCCGTCACCCTCCTCAAGTGCCATAGCAAAGCCCCAGATCGCTAACCCATGCTAAGCAAGCGTACAAGAGGAGACAAGTCGTAACAA | DC4: GCCATCTTCAGCAAACCCTAGAAAAGGAACGAAAGTAAGCACAACTACTACACGTAAAAACGTTAGGTCAAGGTGTAACCTATGGATTGGGAAGAAATGGGCTACATTTTCTATAATAAGAACACCCCTTAAACTCACACGAAAGTTTTTATGAAACCTAAAAACTAAAGGAGGATTTAGCAGTAAATTAAGAATAGAATGCTTAATTGAATAAGGCCATGAAGCTCGCACACACCGCCTGTCACCCTCCTCAAGTACCACAGCAAAGCCCCAGCTTACTAACCCATGCTAAGCAACTATACGAGAGGAGACAAGTCGTAACAA | DD4: GCCATCTTCAGCAAACCCTGAAAAAGGAACGAAAGTAAGCACAACTATCACACATAAAAACGTTAGGTCAAGGTGTCACCTATGGATTGGGAAGAAATGGGCTACATTTTCTACAGTAAGAACACCCCTTAAACTCACACGAAAGTTTTTATGAAACCTAAAAACTAAAGGAGGATTTAGCAGTAAATTAAGAATAGAATGCTTAATTGAATAAGGCCATGAAGCACGCACACACCGCCCGTCACCCTCCTCAAGTACCATAGCATAAGCCCCAGATCACTAACCCACGCTAAGCAAGCGTACAAGAGGAGACAAGTCGTAACAA | DE4: GCCATCTTCAGCAAACCCTAAAAAAGGAACGAAAGTAAGCACAACTACCGCACGTAAAAACGTTAGGTCAAGGTGTAACCTATGGATTGGGAAGAAATGGGCTACATTTTCTATAATAAGAACACCCCTTAAACTCACACGAAAGTTTTTATGAAACCTAAAAACTAAAGGAGGATTTAGCAGTAAATTAAGAATAGAATGCTTAATTGAATAAGGCCATGAAGCACACACACACCGCCCGTCACCCTCCTCAAATATCATAGCAAAGCCCCAGTTCACTAACCCATGCTAAGCAACTATACGAGAGGAGACAAGTCGTAACAA | DF4: GCCATCTTCAGCAAACCCTAAAAAGGAATGAAAGTAAGCACAACTATTGCACGTAAAAACGTTAGGTCAAGGTGTAACCTATGGATTGGGAAGAAATGGGCTACATTTTCTATAATAAGAACACCCCTCATACCCACACGAAAGTTTTTATGAAATCTAAAAACCAAAGGAGGATTTAGTAGTAATTTAAGAGCAGAGTGCTTAATTGAATAAGGCCATGAAGCACGCACACACCGCCCGTCACCCTCCTCAAGTGCCATAGCAAAGCCCCAGATTGCTAACCCATGCTAAGCAAGCGTACAAGAGGAGACAAGTCGTAACAA | DG4: GCCATCTTCAGCAAACCCTAAAAAGGAATGAAAGTAAGCACAACTATTGCACGTAAAAACGTTAGGTCAAGGTGTAACCTATGGATTGGGAAGAAATGGGCTACATTTTCTATAATAAGAACACCCCTTAAACTCACACGAAAGTTTTTATGAAACCTAAAAACTAAAGGAGGATTTAGCAGTAAATTAAGAATAGAATGCTTAATTGAATAAGGCCATGAAGCACGCACACACCGCCCGTCACCCTCCTCAAGTACCATAGCTAAGCCCTAGATTGCTAACCCATGCTAAGCAAGCATACAAGAGGAGACAAGTCGTAACAA | DH4: GCCATCTTCAGCAAACCCTAAAAAAGGAATGAAAGTAAGCACAACTATTGCACATAAAAACGTTAGGTCAAGGTGTAACCTATGGATTGGGAAGAAATGGGCTACATTTTCTATAATAAGAACACCCCTTAAACTTACACGAAAGTTTTTATGAAACCTAAAAACTAAAGGAGGATTTAGCAGTAAATTAAGAATAGAATGCTTAATTGAATAAGGCCATGAAGCACGCACACACCGCCCGTCACCCTCCTCAAGTACCATAGCATAAGCCCCAGATCACTAACCCACGCTAAGCAAGCGTACAAGAGGAGACAAGTCGTAACAA | DI4: GCCATCTTCAGCAAACCCTAAAAAGGAATGAAAGTAAGCACAACTATTGCACGTAAAAACGTTAGGTCAAGGTGTAACCTATGGATTGGGAAGAAATGGGCTACATTTTCTATAATAAGAACACCCCTTAAACTCACACGAAAGTTTTTATGAAACCTAAAAACTAAAGGAGGATTTAGCAGTAAATTAAGAATAGAATGCTTAATTGAATAAGGCCATGAAGCACACACACACCGCCCGTCACCCTCCTCAAGTATCATAGCAAAGCCCCAGTTCACTAACCCATGCTAAGCAACTATACGAGAGGAGACAAGTCGTAACAA | DJ4: GCCATCTTCAGCAAACCCTAAAAAAGGAACGAAAGTAAGCACAACTACCGCACGTAAAAACGTTAGGTCAAGGTGTAACCTATGGATTGGGAAGAAATGGGCTACATTTTCTATAATAAGAACACCCCTTAAACTCACACGAAAGTTTTTATGAAACCTAAAAACTAAAGGAGGATTTAGCAGTAAATTAAGAATAGAATGCTTAATTGAATAAGGCCATGAAGCACGCACACACCGCCCGTCACCCTCCTCAAGTACCGTAGCAAAGCCCCAGATCGCTAACCCATGCTAAGCAAGCGTACAAGAGGAGACAAGTCGTAACAA
A5: Sample_ID | B5: Sample | C5: sample_or_nc | D5: lon | E5: lat | F5: Primer | G5: total reads | H5: ASV00001 | I5: ASV00002 | J5: ASV00003 | K5: ASV00004 | L5: ASV00005 | M5: ASV00006 | N5: ASV00007 | O5: ASV00008 | P5: ASV00009 | Q5: ASV00010 | R5: ASV00011 | S5: ASV00012 | T5: ASV00013 | U5: ASV00014 | V5: ASV00015 | W5: ASV00016 | X5: ASV00017 | Y5: ASV00018 | Z5: ASV00019 | AA5: ASV00020 | AB5: ASV00021 | AC5: ASV00022 | AD5: ASV00023 | AE5: ASV00024 | AF5: ASV00025 | AG5: ASV00026 | AH5: ASV00027 | AI5: ASV00028 | AJ5: ASV00029 | AK5: ASV00030 | AL5: ASV00031 | AM5: ASV00032 | AN5: ASV00033 | AO5: ASV00034 | AP5: ASV00035 | AQ5: ASV00036 | AR5: ASV00037 | AS5: ASV00038 | AT5: ASV00039 | AU5: ASV00040 | AV5: ASV00041 | AW5: ASV00042 | AX5: ASV00043 | AY5: ASV00044 | AZ5: ASV00045 | BA5: ASV00046 | BB5: ASV00047 | BC5: ASV00048 | BD5: ASV00049 | BE5: ASV00050 | BF5: ASV00051 | BG5: ASV00052 | BH5: ASV00053 | BI5: ASV00054 | BJ5: ASV00055 | BK5: ASV00056 | BL5: ASV00057 | BM5: ASV00058 | BN5: ASV00059 | BO5: ASV00060 | BP5: ASV00061 | BQ5: ASV00062 | BR5: ASV00063 | BS5: ASV00064 | BT5: ASV00065 | BU5: ASV00066 | BV5: ASV00067 | BW5: ASV00068 | BX5: ASV00069 | BY5: ASV00070 | BZ5: ASV00071 | CA5: ASV00072 | CB5: ASV00073 | CC5: ASV00074 | CD5: ASV00075 | CE5: ASV00076 | CF5: ASV00077 | CG5: ASV00078 | CH5: ASV00079 | CI5: ASV00080 | CJ5: ASV00081 | CK5: ASV00082 | CL5: ASV00083 | CM5: ASV00084 | CN5: ASV00085 | CO5: ASV00086 | CP5: ASV00087 | CQ5: ASV00088 | CR5: ASV00089 | CS5: ASV00090 | CT5: ASV00091 | CU5: ASV00092 | CV5: ASV00093 | CW5: ASV00094 | CX5: ASV00095 | CY5: ASV00096 | CZ5: ASV00097 | DA5: ASV00098 | DB5: ASV00099 | DC5: ASV00100 | DD5: ASV00101 | DE5: ASV00102 | DF5: ASV00103 | DG5: ASV00104 | DH5: ASV00105 | DI5: ASV00106 | DJ5: ASV00107
A6: S017 | B6: Ch01-02 | C6: sample | D6: NA | E6: NA | F6: Dc671F/Dc1015R | G6: =SUM(H6:DJ6) -> 77531 | H6: 36401 | I6: 14735 | J6: 0 | K6: 23419 | L6: 1482 | M6: 0 | N6: 0 | O6: 1 | P6: 0 | Q6: 233 | R6: 2 | S6: 17 | T6: 24 | U6: 0 | V6: 0 | W6: 0 | X6: 218 | Y6: 0 | Z6: 0 | AA6: 15 | AB6: 0 | AC6: 0 | AD6: 0 | AE6: 0 | AF6: 0 | AG6: 0 | AH6: 0 | AI6: 0 | AJ6: 0 | AK6: 6 | AL6: 104 | AM6: 0 | AN6: 45 | AO6: 31 | AP6: 121 | AQ6: 0 | AR6: 45 | AS6: 0 | AT6: 104 | AU6: 73 | AV6: 0 | AW6: 3 | AX6: 0 | AY6: 7 | AZ6: 90 | BA6: 0 | BB6: 0 | BC6: 0 | BD6: 53 | BE6: 6 | BF6: 4 | BG6: 45 | BH6: 0 | BI6: 0 | BJ6: 9 | BK6: 44 | BL6: 2 | BM6: 1 | BN6: 24 | BO6: 0 | BP6: 2 | BQ6: 0 | BR6: 31 | BS6: 0 | BT6: 21 | BU6: 0 | BV6: 0 | BW6: 0 | BX6: 0 | BY6: 0 | BZ6: 23 | CA6: 0 | CB6: 5 | CC6: 15 | CD6: 25 | CE6: 0 | CF6: 11 | CG6: 0 | CH6: 7 | CI6: 16 | CJ6: 0 | CK6: 0 | CL6: 0 | CM6: 0 | CN6: 1 | CO6: 0 | CP6: 0 | CQ6: 0 | CR6: 0 | CS6: 0 | CT6: 0 | CU6: 4 | CV6: 0 | CW6: 0 | CX6: 3 | CY6: 0 | CZ6: 1 | DA6: 0 | DB6: 0 | DC6: 0 | DD6: 0 | DE6: 0 | DF6: 0 | DG6: 1 | DH6: 1 | DI6: 0 | DJ6: 0
A7: S018 | B7: Ch03 | C7: sample | D7: NA | E7: NA | F7: Dc671F/Dc1015R | G7: =SUM(H7:DJ7) -> 106727 | H7: 803 | I7: 98506 | J7: 0 | K7: 3448 | L7: 1429 | M7: 0 | N7: 0 | O7: 1 | P7: 808 | Q7: 25 | R7: 0 | S7: 185 | T7: 58 | U7: 0 | V7: 102 | W7: 0 | X7: 0 | Y7: 0 | Z7: 199 | AA7: 255 | AB7: 0 | AC7: 36 | AD7: 0 | AE7: 0 | AF7: 87 | AG7: 0 | AH7: 0 | AI7: 0 | AJ7: 241 | AK7: 205 | AL7: 0 | AM7: 0 | AN7: 0 | AO7: 28 | AP7: 2 | AQ7: 0 | AR7: 0 | AS7: 0 | AT7: 0 | AU7: 0 | AV7: 0 | AW7: 138 | AX7: 9 | AY7: 25 | AZ7: 0 | BA7: 0 | BB7: 0 | BC7: 0 | BD7: 0 | BE7: 84 | BF7: 29 | BG7: 2 | BH7: 0 | BI7: 0 | BJ7: 0 | BK7: 0 | BL7: 0 | BM7: 0 | BN7: 1 | BO7: 0 | BP7: 0 | BQ7: 0 | BR7: 0 | BS7: 0 | BT7: 0 | BU7: 0 | BV7: 0 | BW7: 0 | BX7: 0 | BY7: 0 | BZ7: 0 | CA7: 0 | CB7: 0 | CC7: 1 | CD7: 0 | CE7: 0 | CF7: 0 | CG7: 0 | CH7: 0 | CI7: 0 | CJ7: 0 | CK7: 10 | CL7: 9 | CM7: 1 | CN7: 0 | CO7: 0 | CP7: 0 | CQ7: 0 | CR7: 0 | CS7: 0 | CT7: 0 | CU7: 0 | CV7: 0 | CW7: 0 | CX7: 0 | CY7: 0 | CZ7: 0 | DA7: 0 | DB7: 0 | DC7: 0 | DD7: 0 | DE7: 0 | DF7: 0 | DG7: 0 | DH7: 0 | DI7: 0 | DJ7: 0
A8: S019 | B8: Ch04 | C8: sample | D8: NA | E8: NA | F8: Dc671F/Dc1015R | G8: =SUM(H8:DJ8) -> 88643 | H8: 10461 | I8: 218 | J8: 0 | K8: 64128 | L8: 13019 | M8: 0 | N8: 0 | O8: 1 | P8: 0 | Q8: 10 | R8: 27 | S8: 28 | T8: 12 | U8: 0 | V8: 1 | W8: 0 | X8: 38 | Y8: 0 | Z8: 0 | AA8: 49 | AB8: 0 | AC8: 2 | AD8: 0 | AE8: 0 | AF8: 0 | AG8: 0 | AH8: 0 | AI8: 0 | AJ8: 10 | AK8: 0 | AL8: 7 | AM8: 0 | AN8: 20 | AO8: 1 | AP8: 62 | AQ8: 0 | AR8: 89 | AS8: 0 | AT8: 52 | AU8: 13 | AV8: 0 | AW8: 0 | AX8: 0 | AY8: 38 | AZ8: 22 | BA8: 0 | BB8: 10 | BC8: 22 | BD8: 0 | BE8: 0 | BF8: 2 | BG8: 12 | BH8: 0 | BI8: 0 | BJ8: 8 | BK8: 58 | BL8: 25 | BM8: 9 | BN8: 10 | BO8: 0 | BP8: 15 | BQ8: 1 | BR8: 33 | BS8: 0 | BT8: 0 | BU8: 0 | BV8: 6 | BW8: 4 | BX8: 0 | BY8: 10 | BZ8: 9 | CA8: 0 | CB8: 15 | CC8: 14 | CD8: 2 | CE8: 0 | CF8: 2 | CG8: 13 | CH8: 13 | CI8: 0 | CJ8: 18 | CK8: 0 | CL8: 3 | CM8: 1 | CN8: 1 | CO8: 4 | CP8: 0 | CQ8: 1 | CR8: 5 | CS8: 0 | CT8: 0 | CU8: 0 | CV8: 0 | CW8: 0 | CX8: 0 | CY8: 0 | CZ8: 1 | DA8: 2 | DB8: 0 | DC8: 2 | DD8: 2 | DE8: 2 | DF8: 0 | DG8: 0 | DH8: 0 | DI8: 0 | DJ8: 0
A9: S020 | B9: Ch05 | C9: sample | D9: NA | E9: NA | F9: Dc671F/Dc1015R | G9: =SUM(H9:DJ9) -> 77508 | H9: 66712 | I9: 105 | J9: 1 | K9: 5 | L9: 9649 | M9: 1 | N9: 0 | O9: 1 | P9: 0 | Q9: 15 | R9: 10 | S9: 11 | T9: 28 | U9: 0 | V9: 10 | W9: 0 | X9: 135 | Y9: 0 | Z9: 7 | AA9: 0 | AB9: 0 | AC9: 0 | AD9: 0 | AE9: 0 | AF9: 0 | AG9: 0 | AH9: 0 | AI9: 0 | AJ9: 9 | AK9: 6 | AL9: 69 | AM9: 0 | AN9: 85 | AO9: 0 | AP9: 0 | AQ9: 0 | AR9: 33 | AS9: 6 | AT9: 0 | AU9: 44 | AV9: 0 | AW9: 0 | AX9: 11 | AY9: 8 | AZ9: 14 | BA9: 0 | BB9: 112 | BC9: 92 | BD9: 0 | BE9: 0 | BF9: 9 | BG9: 29 | BH9: 0 | BI9: 0 | BJ9: 41 | BK9: 0 | BL9: 46 | BM9: 0 | BN9: 35 | BO9: 0 | BP9: 13 | BQ9: 7 | BR9: 0 | BS9: 0 | BT9: 5 | BU9: 0 | BV9: 45 | BW9: 48 | BX9: 0 | BY9: 24 | BZ9: 2 | CA9: 0 | CB9: 6 | CC9: 0 | CD9: 0 | CE9: 0 | CF9: 5 | CG9: 5 | CH9: 0 | CI9: 0 | CJ9: 0 | CK9: 0 | CL9: 0 | CM9: 1 | CN9: 2 | CO9: 0 | CP9: 0 | CQ9: 2 | CR9: 0 | CS9: 0 | CT9: 0 | CU9: 0 | CV9: 0 | CW9: 0 | CX9: 0 | CY9: 0 | CZ9: 0 | DA9: 0 | DB9: 2 | DC9: 0 | DD9: 0 | DE9: 0 | DF9: 0 | DG9: 0 | DH9: 0 | DI9: 1 | DJ9: 1
A10: S021 | B10: Ch06-07 | C10: sample | D10: NA | E10: NA | F10: Dc671F/Dc1015R | G10: =SUM(H10:DJ10) -> 82566 | H10: 71184 | I10: 3530 | J10: 682 | K10: 698 | L10: 5200 | M10: 180 | N10: 0 | O10: 19 | P10: 7 | Q10: 86 | R10: 28 | S10: 58 | T10: 33 | U10: 5 | V10: 23 | W10: 8 | X10: 111 | Y10: 7 | Z10: 66 | AA10: 6 | AB10: 1 | AC10: 8 | AD10: 1 | AE10: 31 | AF10: 7 | AG10: 2 | AH10: 0 | AI10: 3 | AJ10: 0 | AK10: 42 | AL10: 68 | AM10: 0 | AN10: 58 | AO10: 11 | AP10: 8 | AQ10: 0 | AR10: 2 | AS10: 1 | AT10: 0 | AU10: 25 | AV10: 2 | AW10: 1 | AX10: 14 | AY10: 4 | AZ10: 1 | BA10: 0 | BB10: 0 | BC10: 2 | BD10: 63 | BE10: 1 | BF10: 10 | BG10: 23 | BH10: 0 | BI10: 0 | BJ10: 41 | BK10: 0 | BL10: 28 | BM10: 2 | BN10: 29 | BO10: 0 | BP10: 35 | BQ10: 4 | BR10: 0 | BS10: 0 | BT10: 30 | BU10: 0 | BV10: 1 | BW10: 0 | BX10: 0 | BY10: 12 | BZ10: 9 | CA10: 3 | CB10: 13 | CC10: 0 | CD10: 0 | CE10: 3 | CF10: 7 | CG10: 2 | CH10: 0 | CI10: 1 | CJ10: 0 | CK10: 3 | CL10: 1 | CM10: 2 | CN10: 6 | CO10: 0 | CP10: 2 | CQ10: 2 | CR10: 0 | CS10: 5 | CT10: 0 | CU10: 0 | CV10: 0 | CW10: 0 | CX10: 0 | CY10: 3 | CZ10: 0 | DA10: 0 | DB10: 0 | DC10: 0 | DD10: 0 | DE10: 0 | DF10: 2 | DG10: 0 | DH10: 0 | DI10: 0 | DJ10: 0
A11: S022 | B11: Ch08 | C11: sample | D11: NA | E11: NA | F11: Dc671F/Dc1015R | G11: =SUM(H11:DJ11) -> 80804 | H11: 21 | I11: 56365 | J11: 6 | K11: 125 | L11: 18 | M11: 18515 | N11: 0 | O11: 1871 | P11: 28 | Q11: 447 | R11: 47 | S11: 386 | T11: 475 | U11: 0 | V11: 455 | W11: 0 | X11: 5 | Y11: 1 | Z11: 154 | AA11: 86 | AB11: 0 | AC11: 306 | AD11: 0 | AE11: 286 | AF11: 222 | AG11: 0 | AH11: 0 | AI11: 0 | AJ11: 36 | AK11: 26 | AL11: 7 | AM11: 236 | AN11: 0 | AO11: 134 | AP11: 0 | AQ11: 0 | AR11: 0 | AS11: 150 | AT11: 0 | AU11: 0 | AV11: 0 | AW11: 5 | AX11: 99 | AY11: 48 | AZ11: 0 | BA11: 0 | BB11: 0 | BC11: 0 | BD11: 0 | BE11: 21 | BF11: 58 | BG11: 0 | BH11: 0 | BI11: 0 | BJ11: 0 | BK11: 0 | BL11: 0 | BM11: 21 | BN11: 0 | BO11: 0 | BP11: 12 | BQ11: 4 | BR11: 0 | BS11: 0 | BT11: 0 | BU11: 56 | BV11: 0 | BW11: 0 | BX11: 0 | BY11: 0 | BZ11: 0 | CA11: 39 | CB11: 0 | CC11: 0 | CD11: 0 | CE11: 0 | CF11: 0 | CG11: 0 | CH11: 0 | CI11: 0 | CJ11: 0 | CK11: 5 | CL11: 3 | CM11: 6 | CN11: 0 | CO11: 5 | CP11: 4 | CQ11: 0 | CR11: 0 | CS11: 0 | CT11: 4 | CU11: 0 | CV11: 3 | CW11: 3 | CX11: 0 | CY11: 0 | CZ11: 0 | DA11: 0 | DB11: 0 | DC11: 0 | DD11: 0 | DE11: 0 | DF11: 0 | DG11: 0 | DH11: 0 | DI11: 0 | DJ11: 0
A12: S023 | B12: Ch09 | C12: sample | D12: NA | E12: NA | F12: Dc671F/Dc1015R | G12: =SUM(H12:DJ12) -> 100330 | H12: 167 | I12: 526 | J12: 93945 | K12: 73 | L12: 47 | M12: 743 | N12: 0 | O12: 2 | P12: 0 | Q12: 6 | R12: 575 | S12: 0 | T12: 0 | U12: 622 | V12: 0 | W12: 530 | X12: 4 | Y12: 484 | Z12: 1 | AA12: 0 | AB12: 372 | AC12: 0 | AD12: 320 | AE12: 0 | AF12: 0 | AG12: 307 | AH12: 308 | AI12: 295 | AJ12: 0 | AK12: 0 | AL12: 0 | AM12: 0 | AN12: 0 | AO12: 0 | AP12: 0 | AQ12: 171 | AR12: 0 | AS12: 0 | AT12: 0 | AU12: 0 | AV12: 146 | AW12: 0 | AX12: 0 | AY12: 0 | AZ12: 0 | BA12: 125 | BB12: 0 | BC12: 0 | BD12: 0 | BE12: 0 | BF12: 0 | BG12: 0 | BH12: 111 | BI12: 106 | BJ12: 4 | BK12: 0 | BL12: 0 | BM12: 67 | BN12: 0 | BO12: 90 | BP12: 0 | BQ12: 50 | BR12: 0 | BS12: 57 | BT12: 0 | BU12: 0 | BV12: 0 | BW12: 0 | BX12: 52 | BY12: 0 | BZ12: 0 | CA12: 0 | CB12: 0 | CC12: 0 | CD12: 0 | CE12: 23 | CF12: 0 | CG12: 0 | CH12: 0 | CI12: 1 | CJ12: 0 | CK12: 0 | CL12: 0 | CM12: 0 | CN12: 0 | CO12: 0 | CP12: 0 | CQ12: 0 | CR12: 0 | CS12: 0 | CT12: 0 | CU12: 0 | CV12: 0 | CW12: 0 | CX12: 0 | CY12: 0 | CZ12: 0 | DA12: 0 | DB12: 0 | DC12: 0 | DD12: 0 | DE12: 0 | DF12: 0 | DG12: 0 | DH12: 0 | DI12: 0 | DJ12: 0
A13: S024 | B13: Ch10_nc | C13: nc | D13: NA | E13: NA | F13: Dc671F/Dc1015R | G13: =SUM(H13:DJ13) -> 272 | H13: 112 | I13: 55 | J13: 58 | K13: 2 | L13: 8 | M13: 25 | N13: 0 | O13: 2 | P13: 0 | Q13: 1 | R13: 0 | S13: 1 | T13: 0 | U13: 2 | V13: 1 | W13: 0 | X13: 1 | Y13: 0 | Z13: 0 | AA13: 0 | AB13: 0 | AC13: 0 | AD13: 0 | AE13: 1 | AF13: 0 | AG13: 0 | AH13: 0 | AI13: 0 | AJ13: 0 | AK13: 0 | AL13: 0 | AM13: 0 | AN13: 0 | AO13: 0 | AP13: 0 | AQ13: 0 | AR13: 0 | AS13: 1 | AT13: 0 | AU13: 0 | AV13: 0 | AW13: 0 | AX13: 0 | AY13: 0 | AZ13: 0 | BA13: 1 | BB13: 0 | BC13: 0 | BD13: 0 | BE13: 0 | BF13: 0 | BG13: 0 | BH13: 0 | BI13: 1 | BJ13: 0 | BK13: 0 | BL13: 0 | BM13: 0 | BN13: 0 | BO13: 0 | BP13: 0 | BQ13: 0 | BR13: 0 | BS13: 0 | BT13: 0 | BU13: 0 | BV13: 0 | BW13: 0 | BX13: 0 | BY13: 0 | BZ13: 0 | CA13: 0 | CB13: 0 | CC13: 0 | CD13: 0 | CE13: 0 | CF13: 0 | CG13: 0 | CH13: 0 | CI13: 0 | CJ13: 0 | CK13: 0 | CL13: 0 | CM13: 0 | CN13: 0 | CO13: 0 | CP13: 0 | CQ13: 0 | CR13: 0 | CS13: 0 | CT13: 0 | CU13: 0 | CV13: 0 | CW13: 0 | CX13: 0 | CY13: 0 | CZ13: 0 | DA13: 0 | DB13: 0 | DC13: 0 | DD13: 0 | DE13: 0 | DF13: 0 | DG13: 0 | DH13: 0 | DI13: 0 | DJ13: 0
A14: S025 | B14: OP01 | C14: sample | D14: 114.2951 | E14: 22.34088 | F14: Dc671F/Dc1015R | G14: =SUM(H14:DJ14) -> 1 | H14: 0 | I14: 0 | J14: 0 | K14: 0 | L14: 0 | M14: 0 | N14: 1 | O14: 0 | P14: 0 | Q14: 0 | R14: 0 | S14: 0 | T14: 0 | U14: 0 | V14: 0 | W14: 0 | X14: 0 | Y14: 0 | Z14: 0 | AA14: 0 | AB14: 0 | AC14: 0 | AD14: 0 | AE14: 0 | AF14: 0 | AG14: 0 | AH14: 0 | AI14: 0 | AJ14: 0 | AK14: 0 | AL14: 0 | AM14: 0 | AN14: 0 | AO14: 0 | AP14: 0 | AQ14: 0 | AR14: 0 | AS14: 0 | AT14: 0 | AU14: 0 | AV14: 0 | AW14: 0 | AX14: 0 | AY14: 0 | AZ14: 0 | BA14: 0 | BB14: 0 | BC14: 0 | BD14: 0 | BE14: 0 | BF14: 0 | BG14: 0 | BH14: 0 | BI14: 0 | BJ14: 0 | BK14: 0 | BL14: 0 | BM14: 0 | BN14: 0 | BO14: 0 | BP14: 0 | BQ14: 0 | BR14: 0 | BS14: 0 | BT14: 0 | BU14: 0 | BV14: 0 | BW14: 0 | BX14: 0 | BY14: 0 | BZ14: 0 | CA14: 0 | CB14: 0 | CC14: 0 | CD14: 0 | CE14: 0 | CF14: 0 | CG14: 0 | CH14: 0 | CI14: 0 | CJ14: 0 | CK14: 0 | CL14: 0 | CM14: 0 | CN14: 0 | CO14: 0 | CP14: 0 | CQ14: 0 | CR14: 0 | CS14: 0 | CT14: 0 | CU14: 0 | CV14: 0 | CW14: 0 | CX14: 0 | CY14: 0 | CZ14: 0 | DA14: 0 | DB14: 0 | DC14: 0 | DD14: 0 | DE14: 0 | DF14: 0 | DG14: 0 | DH14: 0 | DI14: 0 | DJ14: 0
A15: S026 | B15: OP02 | C15: sample | D15: 114.2951 | E15: 22.34088 | F15: Dc671F/Dc1015R | G15: =SUM(H15:DJ15) -> 2 | H15: 0 | I15: 1 | J15: 0 | K15: 0 | L15: 0 | M15: 0 | N15: 1 | O15: 0 | P15: 0 | Q15: 0 | R15: 0 | S15: 0 | T15: 0 | U15: 0 | V15: 0 | W15: 0 | X15: 0 | Y15: 0 | Z15: 0 | AA15: 0 | AB15: 0 | AC15: 0 | AD15: 0 | AE15: 0 | AF15: 0 | AG15: 0 | AH15: 0 | AI15: 0 | AJ15: 0 | AK15: 0 | AL15: 0 | AM15: 0 | AN15: 0 | AO15: 0 | AP15: 0 | AQ15: 0 | AR15: 0 | AS15: 0 | AT15: 0 | AU15: 0 | AV15: 0 | AW15: 0 | AX15: 0 | AY15: 0 | AZ15: 0 | BA15: 0 | BB15: 0 | BC15: 0 | BD15: 0 | BE15: 0 | BF15: 0 | BG15: 0 | BH15: 0 | BI15: 0 | BJ15: 0 | BK15: 0 | BL15: 0 | BM15: 0 | BN15: 0 | BO15: 0 | BP15: 0 | BQ15: 0 | BR15: 0 | BS15: 0 | BT15: 0 | BU15: 0 | BV15: 0 | BW15: 0 | BX15: 0 | BY15: 0 | BZ15: 0 | CA15: 0 | CB15: 0 | CC15: 0 | CD15: 0 | CE15: 0 | CF15: 0 | CG15: 0 | CH15: 0 | CI15: 0 | CJ15: 0 | CK15: 0 | CL15: 0 | CM15: 0 | CN15: 0 | CO15: 0 | CP15: 0 | CQ15: 0 | CR15: 0 | CS15: 0 | CT15: 0 | CU15: 0 | CV15: 0 | CW15: 0 | CX15: 0 | CY15: 0 | CZ15: 0 | DA15: 0 | DB15: 0 | DC15: 0 | DD15: 0 | DE15: 0 | DF15: 0 | DG15: 0 | DH15: 0 | DI15: 0 | DJ15: 0
A16: S027 | B16: OP03_nc | C16: nc | D16: NA | E16: NA | F16: Dc671F/Dc1015R | G16: =SUM(H16:DJ16) -> 1 | H16: 0 | I16: 0 | J16: 0 | K16: 0 | L16: 0 | M16: 0 | N16: 1 | O16: 0 | P16: 0 | Q16: 0 | R16: 0 | S16: 0 | T16: 0 | U16: 0 | V16: 0 | W16: 0 | X16: 0 | Y16: 0 | Z16: 0 | AA16: 0 | AB16: 0 | AC16: 0 | AD16: 0 | AE16: 0 | AF16: 0 | AG16: 0 | AH16: 0 | AI16: 0 | AJ16: 0 | AK16: 0 | AL16: 0 | AM16: 0 | AN16: 0 | AO16: 0 | AP16: 0 | AQ16: 0 | AR16: 0 | AS16: 0 | AT16: 0 | AU16: 0 | AV16: 0 | AW16: 0 | AX16: 0 | AY16: 0 | AZ16: 0 | BA16: 0 | BB16: 0 | BC16: 0 | BD16: 0 | BE16: 0 | BF16: 0 | BG16: 0 | BH16: 0 | BI16: 0 | BJ16: 0 | BK16: 0 | BL16: 0 | BM16: 0 | BN16: 0 | BO16: 0 | BP16: 0 | BQ16: 0 | BR16: 0 | BS16: 0 | BT16: 0 | BU16: 0 | BV16: 0 | BW16: 0 | BX16: 0 | BY16: 0 | BZ16: 0 | CA16: 0 | CB16: 0 | CC16: 0 | CD16: 0 | CE16: 0 | CF16: 0 | CG16: 0 | CH16: 0 | CI16: 0 | CJ16: 0 | CK16: 0 | CL16: 0 | CM16: 0 | CN16: 0 | CO16: 0 | CP16: 0 | CQ16: 0 | CR16: 0 | CS16: 0 | CT16: 0 | CU16: 0 | CV16: 0 | CW16: 0 | CX16: 0 | CY16: 0 | CZ16: 0 | DA16: 0 | DB16: 0 | DC16: 0 | DD16: 0 | DE16: 0 | DF16: 0 | DG16: 0 | DH16: 0 | DI16: 0 | DJ16: 0
A17: S028 | B17: DNAex_nc01 | C17: nc | D17: NA | E17: NA | F17: Dc671F/Dc1015R | G17: =SUM(H17:DJ17) -> 4 | H17: 0 | I17: 0 | J17: 0 | K17: 0 | L17: 0 | M17: 0 | N17: 4 | O17: 0 | P17: 0 | Q17: 0 | R17: 0 | S17: 0 | T17: 0 | U17: 0 | V17: 0 | W17: 0 | X17: 0 | Y17: 0 | Z17: 0 | AA17: 0 | AB17: 0 | AC17: 0 | AD17: 0 | AE17: 0 | AF17: 0 | AG17: 0 | AH17: 0 | AI17: 0 | AJ17: 0 | AK17: 0 | AL17: 0 | AM17: 0 | AN17: 0 | AO17: 0 | AP17: 0 | AQ17: 0 | AR17: 0 | AS17: 0 | AT17: 0 | AU17: 0 | AV17: 0 | AW17: 0 | AX17: 0 | AY17: 0 | AZ17: 0 | BA17: 0 | BB17: 0 | BC17: 0 | BD17: 0 | BE17: 0 | BF17: 0 | BG17: 0 | BH17: 0 | BI17: 0 | BJ17: 0 | BK17: 0 | BL17: 0 | BM17: 0 | BN17: 0 | BO17: 0 | BP17: 0 | BQ17: 0 | BR17: 0 | BS17: 0 | BT17: 0 | BU17: 0 | BV17: 0 | BW17: 0 | BX17: 0 | BY17: 0 | BZ17: 0 | CA17: 0 | CB17: 0 | CC17: 0 | CD17: 0 | CE17: 0 | CF17: 0 | CG17: 0 | CH17: 0 | CI17: 0 | CJ17: 0 | CK17: 0 | CL17: 0 | CM17: 0 | CN17: 0 | CO17: 0 | CP17: 0 | CQ17: 0 | CR17: 0 | CS17: 0 | CT17: 0 | CU17: 0 | CV17: 0 | CW17: 0 | CX17: 0 | CY17: 0 | CZ17: 0 | DA17: 0 | DB17: 0 | DC17: 0 | DD17: 0 | DE17: 0 | DF17: 0 | DG17: 0 | DH17: 0 | DI17: 0 | DJ17: 0
A18: S029 | B18: DNAex_nc02 | C18: nc | D18: NA | E18: NA | F18: Dc671F/Dc1015R | G18: =SUM(H18:DJ18) -> 0 | H18: 0 | I18: 0 | J18: 0 | K18: 0 | L18: 0 | M18: 0 | N18: 0 | O18: 0 | P18: 0 | Q18: 0 | R18: 0 | S18: 0 | T18: 0 | U18: 0 | V18: 0 | W18: 0 | X18: 0 | Y18: 0 | Z18: 0 | AA18: 0 | AB18: 0 | AC18: 0 | AD18: 0 | AE18: 0 | AF18: 0 | AG18: 0 | AH18: 0 | AI18: 0 | AJ18: 0 | AK18: 0 | AL18: 0 | AM18: 0 | AN18: 0 | AO18: 0 | AP18: 0 | AQ18: 0 | AR18: 0 | AS18: 0 | AT18: 0 | AU18: 0 | AV18: 0 | AW18: 0 | AX18: 0 | AY18: 0 | AZ18: 0 | BA18: 0 | BB18: 0 | BC18: 0 | BD18: 0 | BE18: 0 | BF18: 0 | BG18: 0 | BH18: 0 | BI18: 0 | BJ18: 0 | BK18: 0 | BL18: 0 | BM18: 0 | BN18: 0 | BO18: 0 | BP18: 0 | BQ18: 0 | BR18: 0 | BS18: 0 | BT18: 0 | BU18: 0 | BV18: 0 | BW18: 0 | BX18: 0 | BY18: 0 | BZ18: 0 | CA18: 0 | CB18: 0 | CC18: 0 | CD18: 0 | CE18: 0 | CF18: 0 | CG18: 0 | CH18: 0 | CI18: 0 | CJ18: 0 | CK18: 0 | CL18: 0 | CM18: 0 | CN18: 0 | CO18: 0 | CP18: 0 | CQ18: 0 | CR18: 0 | CS18: 0 | CT18: 0 | CU18: 0 | CV18: 0 | CW18: 0 | CX18: 0 | CY18: 0 | CZ18: 0 | DA18: 0 | DB18: 0 | DC18: 0 | DD18: 0 | DE18: 0 | DF18: 0 | DG18: 0 | DH18: 0 | DI18: 0 | DJ18: 0
A19: S030 | B19: BT2 | C19: sample | D19: 114.432 | E19: 22.36867 | F19: Dc671F/Dc1015R | G19: =SUM(H19:DJ19) -> 10222 | H19: 0 | I19: 0 | J19: 0 | K19: 0 | L19: 0 | M19: 0 | N19: 10222 | O19: 0 | P19: 0 | Q19: 0 | R19: 0 | S19: 0 | T19: 0 | U19: 0 | V19: 0 | W19: 0 | X19: 0 | Y19: 0 | Z19: 0 | AA19: 0 | AB19: 0 | AC19: 0 | AD19: 0 | AE19: 0 | AF19: 0 | AG19: 0 | AH19: 0 | AI19: 0 | AJ19: 0 | AK19: 0 | AL19: 0 | AM19: 0 | AN19: 0 | AO19: 0 | AP19: 0 | AQ19: 0 | AR19: 0 | AS19: 0 | AT19: 0 | AU19: 0 | AV19: 0 | AW19: 0 | AX19: 0 | AY19: 0 | AZ19: 0 | BA19: 0 | BB19: 0 | BC19: 0 | BD19: 0 | BE19: 0 | BF19: 0 | BG19: 0 | BH19: 0 | BI19: 0 | BJ19: 0 | BK19: 0 | BL19: 0 | BM19: 0 | BN19: 0 | BO19: 0 | BP19: 0 | BQ19: 0 | BR19: 0 | BS19: 0 | BT19: 0 | BU19: 0 | BV19: 0 | BW19: 0 | BX19: 0 | BY19: 0 | BZ19: 0 | CA19: 0 | CB19: 0 | CC19: 0 | CD19: 0 | CE19: 0 | CF19: 0 | CG19: 0 | CH19: 0 | CI19: 0 | CJ19: 0 | CK19: 0 | CL19: 0 | CM19: 0 | CN19: 0 | CO19: 0 | CP19: 0 | CQ19: 0 | CR19: 0 | CS19: 0 | CT19: 0 | CU19: 0 | CV19: 0 | CW19: 0 | CX19: 0 | CY19: 0 | CZ19: 0 | DA19: 0 | DB19: 0 | DC19: 0 | DD19: 0 | DE19: 0 | DF19: 0 | DG19: 0 | DH19: 0 | DI19: 0 | DJ19: 0
A20: S031 | B20: PCR_nc01 | C20: nc | D20: NA | E20: NA | F20: Dc671F/Dc1015R | G20: =SUM(H20:DJ20) -> 1 | H20: 0 | I20: 1 | J20: 0 | K20: 0 | L20: 0 | M20: 0 | N20: 0 | O20: 0 | P20: 0 | Q20: 0 | R20: 0 | S20: 0 | T20: 0 | U20: 0 | V20: 0 | W20: 0 | X20: 0 | Y20: 0 | Z20: 0 | AA20: 0 | AB20: 0 | AC20: 0 | AD20: 0 | AE20: 0 | AF20: 0 | AG20: 0 | AH20: 0 | AI20: 0 | AJ20: 0 | AK20: 0 | AL20: 0 | AM20: 0 | AN20: 0 | AO20: 0 | AP20: 0 | AQ20: 0 | AR20: 0 | AS20: 0 | AT20: 0 | AU20: 0 | AV20: 0 | AW20: 0 | AX20: 0 | AY20: 0 | AZ20: 0 | BA20: 0 | BB20: 0 | BC20: 0 | BD20: 0 | BE20: 0 | BF20: 0 | BG20: 0 | BH20: 0 | BI20: 0 | BJ20: 0 | BK20: 0 | BL20: 0 | BM20: 0 | BN20: 0 | BO20: 0 | BP20: 0 | BQ20: 0 | BR20: 0 | BS20: 0 | BT20: 0 | BU20: 0 | BV20: 0 | BW20: 0 | BX20: 0 | BY20: 0 | BZ20: 0 | CA20: 0 | CB20: 0 | CC20: 0 | CD20: 0 | CE20: 0 | CF20: 0 | CG20: 0 | CH20: 0 | CI20: 0 | CJ20: 0 | CK20: 0 | CL20: 0 | CM20: 0 | CN20: 0 | CO20: 0 | CP20: 0 | CQ20: 0 | CR20: 0 | CS20: 0 | CT20: 0 | CU20: 0 | CV20: 0 | CW20: 0 | CX20: 0 | CY20: 0 | CZ20: 0 | DA20: 0 | DB20: 0 | DC20: 0 | DD20: 0 | DE20: 0 | DF20: 0 | DG20: 0 | DH20: 0 | DI20: 0 | DJ20: 0
A21: S032 | B21: PCR_nc02 | C21: nc | D21: NA | E21: NA | F21: Dc671F/Dc1015R | G21: =SUM(H21:DJ21) -> 0 | H21: 0 | I21: 0 | J21: 0 | K21: 0 | L21: 0 | M21: 0 | N21: 0 | O21: 0 | P21: 0 | Q21: 0 | R21: 0 | S21: 0 | T21: 0 | U21: 0 | V21: 0 | W21: 0 | X21: 0 | Y21: 0 | Z21: 0 | AA21: 0 | AB21: 0 | AC21: 0 | AD21: 0 | AE21: 0 | AF21: 0 | AG21: 0 | AH21: 0 | AI21: 0 | AJ21: 0 | AK21: 0 | AL21: 0 | AM21: 0 | AN21: 0 | AO21: 0 | AP21: 0 | AQ21: 0 | AR21: 0 | AS21: 0 | AT21: 0 | AU21: 0 | AV21: 0 | AW21: 0 | AX21: 0 | AY21: 0 | AZ21: 0 | BA21: 0 | BB21: 0 | BC21: 0 | BD21: 0 | BE21: 0 | BF21: 0 | BG21: 0 | BH21: 0 | BI21: 0 | BJ21: 0 | BK21: 0 | BL21: 0 | BM21: 0 | BN21: 0 | BO21: 0 | BP21: 0 | BQ21: 0 | BR21: 0 | BS21: 0 | BT21: 0 | BU21: 0 | BV21: 0 | BW21: 0 | BX21: 0 | BY21: 0 | BZ21: 0 | CA21: 0 | CB21: 0 | CC21: 0 | CD21: 0 | CE21: 0 | CF21: 0 | CG21: 0 | CH21: 0 | CI21: 0 | CJ21: 0 | CK21: 0 | CL21: 0 | CM21: 0 | CN21: 0 | CO21: 0 | CP21: 0 | CQ21: 0 | CR21: 0 | CS21: 0 | CT21: 0 | CU21: 0 | CV21: 0 | CW21: 0 | CX21: 0 | CY21: 0 | CZ21: 0 | DA21: 0 | DB21: 0 | DC21: 0 | DD21: 0 | DE21: 0 | DF21: 0 | DG21: 0 | DH21: 0 | DI21: 0 | DJ21: 0
F23: Total reads | G23: =SUM(G6:G21) -> 624612 | H23: =SUM(H6:H21) -> 185861 | I23: =SUM(I6:I21) -> 174042 | J23: =SUM(J6:J21) -> 94692 | K23: =SUM(K6:K21) -> 91898 | L23: =SUM(L6:L21) -> 30852 | M23: =SUM(M6:M21) -> 19464 | N23: =SUM(N6:N21) -> 10229 | ... DJ23: =SUM(DJ6:DJ21) -> 1
A24: *The taxa in this table were automatically assigned using Claident and may be different from those used for summarizing the aquarium pool experiment.

Sheet S16 ASV matrix3
G1: Claident automatic taxa assignment
G2: family | H2: Delphinidae | I2: Delphinidae | J2: Delphinidae | L2: Delphinidae | M2: Suidae | N2: Bovidae | O2: Suidae | P2: Delphinidae | Q2: Delphinidae | R2: Delphinidae | S2: Hominidae | T2: Delphinidae | U2: Delphinidae | V2: Delphinidae | W2: Delphinidae | X2: Suidae | Y2: Delphinidae | Z2: Delphinidae | AA2: Delphinidae | AB2: Delphinidae | AC2: Delphinidae | AD2: Delphinidae | AE2: Delphinidae | AF2: Delphinidae | AG2: Delphinidae | AH2: Delphinidae | AI2: Delphinidae | AJ2: Delphinidae | AL2: Hominidae | AM2: Delphinidae | AN2: Delphinidae | AO2: Delphinidae | AP2: Delphinidae | AQ2: Delphinidae | AS2: Delphinidae | AT2: Delphinidae | AU2: Delphinidae | AW2: Delphinidae | AX2: Delphinidae | AY2: Delphinidae | BA2: Delphinidae | BC2: Delphinidae | BF2: Delphinidae | BG2: Delphinidae | BI2: Delphinidae | BJ2: Delphinidae | BL2: Balaenidae | BM2: Delphinidae | BO2: Delphinidae | BP2: Delphinidae | BQ2: Delphinidae | BR2: Delphinidae | BS2: Delphinidae | BT2: Delphinidae | BU2: Delphinidae | BV2: Delphinidae | BW2: Delphinidae | BX2: Delphinidae | BY2: Delphinidae | CA2: Delphinidae | CC2: Delphinidae | CD2: Delphinidae | CE2: Delphinidae | CF2: Delphinidae | CG2: Delphinidae | CH2: Delphinidae | CJ2: Delphinidae | CK2: Delphinidae | CM2: Delphinidae | CN2: Delphinidae | CQ2: Delphinidae | CR2: Delphinidae | CT2: Delphinidae | CU2: Delphinidae | CV2: Delphinidae | CW2: Delphinidae | CY2: Delphinidae | DB2: Delphinidae | DD2: Delphinidae | DF2: Delphinidae | DG2: Delphinidae | DH2: Delphinidae | DJ2: Suidae | DK2: Delphinidae | DL2: Delphinidae | DM2: Delphinidae | DN2: Delphinidae | DO2: Delphinidae | DQ2: Delphinidae | DR2: Delphinidae | DS2: Delphinidae | DT2: Delphinidae | DV2: Balaenidae | DW2: Delphinidae | DY2: Delphinidae | DZ2: Delphinidae | ED2: Delphinidae | EF2: Delphinidae | EG2: Delphinidae | EH2: Delphinidae | EI2: Delphinidae | EJ2: Delphinidae | EK2: Delphinidae | EL2: Delphinidae | EN2: Delphinidae | EO2: Delphinidae | EP2: Delphinidae | EQ2: Delphinidae | ER2: Delphinidae | ES2: Delphinidae | EV2: Delphinidae | EW2: Delphinidae | EX2: Delphinidae | EY2: Delphinidae | EZ2: Balaenidae | FB2: Delphinidae | FC2: Delphinidae | FD2: Delphinidae | FE2: Delphinidae | FF2: Delphinidae | FG2: Delphinidae | FI2: Delphinidae | FJ2: Delphinidae | FK2: Delphinidae | FL2: Delphinidae | FM2: Delphinidae | FN2: Delphinidae | FO2: Delphinidae | FP2: Delphinidae | FQ2: Delphinidae | FR2: Delphinidae | FS2: Delphinidae | FT2: Delphinidae | FU2: Delphinidae | FV2: Delphinidae | FY2: Delphinidae | FZ2: Delphinidae | GA2: Delphinidae | GB2: Delphinidae | GD2: Delphinidae | GE2: Balaenidae | GH2: Delphinidae | GI2: Delphinidae | GJ2: Delphinidae | GK2: Delphinidae | GM2: Delphinidae | GO2: Delphinidae | GP2: Delphinidae | GQ2: Delphinidae | GR2: Delphinidae | GT2: Delphinidae | GU2: Delphinidae | GV2: Delphinidae | GW2: Delphinidae | GX2: Delphinidae | GY2: Delphinidae | GZ2: Delphinidae | HA2: Delphinidae | HC2: Delphinidae | HD2: Delphinidae | HE2: Delphinidae | HF2: Delphinidae | HH2: Delphinidae | HI2: Delphinidae | HJ2: Delphinidae | HK2: Clupeidae | HL2: Suidae | HM2: Delphinidae | HN2: Delphinidae | HP2: Delphinidae | HS2: Delphinidae | HT2: Clupeidae | HU2: Delphinidae | HV2: Delphinidae | HW2: Delphinidae | HX2: Delphinidae | HY2: Delphinidae | IA2: Delphinidae | IB2: Delphinidae | IC2: Delphinidae | ID2: Delphinidae | IE2: Delphinidae | IF2: Delphinidae
G3: species | J3: Steno bredanensis | L3: Tursiops truncatus | M3: Sus scrofa | N3: Bos taurus | O3: Sus scrofa | T3: Feresa attenuata | X3: Sus scrofa | AL3: Homo sapiens | DJ3: Sus scrofa | EZ3: Balaena mysticetus | FD3: Stenella attenuata | HK3: Sprattus sprattus | HL3: Sus scrofa
